file,protein,N,pct,end,k,hits,rate,chance,enr
abl_anchor_w0.3_s42_e14,1GYZ,1125,0.05,top,56,2,0.03571428571428571,0.049777777777777775,0.7174744897959183
abl_anchor_w0.3_s42_e14,1GYZ,1125,0.05,bot,56,30,0.5357142857142857,0.049777777777777775,10.762117346938776
abl_anchor_w0.3_s42_e14,1GYZ,1125,0.1,top,112,25,0.22321428571428573,0.09955555555555555,2.2421077806122454
abl_anchor_w0.3_s42_e14,1GYZ,1125,0.1,bot,112,64,0.5714285714285714,0.09955555555555555,5.739795918367347
abl_anchor_w0.3_s42_e14,1GYZ,1125,0.15,top,168,44,0.2619047619047619,0.14933333333333335,1.753826530612245
abl_anchor_w0.3_s42_e14,1GYZ,1125,0.15,bot,168,104,0.6190476190476191,0.14933333333333335,4.145408163265306
abl_anchor_w0.3_s42_e14,1PSE,1217,0.05,top,60,10,0.16666666666666666,0.049301561216105176,3.3805555555555555
abl_anchor_w0.3_s42_e14,1PSE,1217,0.05,bot,60,27,0.45,0.049301561216105176,9.1275
abl_anchor_w0.3_s42_e14,1PSE,1217,0.1,top,121,30,0.24793388429752067,0.09942481511914544,2.493682125537873
abl_anchor_w0.3_s42_e14,1PSE,1217,0.1,bot,121,73,0.6033057851239669,0.09942481511914544,6.067959838808824
abl_anchor_w0.3_s42_e14,1PSE,1217,0.15,top,182,52,0.2857142857142857,0.1495480690221857,1.9105180533751962
abl_anchor_w0.3_s42_e14,1PSE,1217,0.15,bot,182,119,0.6538461538461539,0.1495480690221857,4.372147083685546
abl_anchor_w0.3_s42_e14,1QKH,1271,0.05,top,63,6,0.09523809523809523,0.04956726986624705,1.9213907785336355
abl_anchor_w0.3_s42_e14,1QKH,1271,0.05,bot,63,23,0.36507936507936506,0.04956726986624705,7.365331317712269
abl_anchor_w0.3_s42_e14,1QKH,1271,0.1,top,127,27,0.2125984251968504,0.0999213217938631,2.127658255316511
abl_anchor_w0.3_s42_e14,1QKH,1271,0.1,bot,127,60,0.47244094488188976,0.0999213217938631,4.7281294562589125
abl_anchor_w0.3_s42_e14,1QKH,1271,0.15,top,190,60,0.3157894736842105,0.14948859166011014,2.1124653739612187
abl_anchor_w0.3_s42_e14,1QKH,1271,0.15,bot,190,92,0.4842105263157895,0.14948859166011014,3.2391135734072027
abl_anchor_w0.3_s42_e14,1QP2,1082,0.05,top,54,11,0.2037037037037037,0.04990757855822551,4.081618655692729
abl_anchor_w0.3_s42_e14,1QP2,1082,0.05,bot,54,23,0.42592592592592593,0.04990757855822551,8.534293552812072
abl_anchor_w0.3_s42_e14,1QP2,1082,0.1,top,108,36,0.3333333333333333,0.09981515711645102,3.339506172839506
abl_anchor_w0.3_s42_e14,1QP2,1082,0.1,bot,108,50,0.46296296296296297,0.09981515711645102,4.638203017832647
abl_anchor_w0.3_s42_e14,1QP2,1082,0.15,top,162,66,0.4074074074074074,0.14972273567467653,2.721079103795153
abl_anchor_w0.3_s42_e14,1QP2,1082,0.15,bot,162,90,0.5555555555555556,0.14972273567467653,3.7105624142661178
abl_anchor_w0.3_s42_e14,1TUC,1043,0.05,top,52,14,0.2692307692307692,0.04985618408437201,5.400147928994082
abl_anchor_w0.3_s42_e14,1TUC,1043,0.05,bot,52,30,0.5769230769230769,0.04985618408437201,11.571745562130175
abl_anchor_w0.3_s42_e14,1TUC,1043,0.1,top,104,38,0.36538461538461536,0.09971236816874401,3.6643860946745557
abl_anchor_w0.3_s42_e14,1TUC,1043,0.1,bot,104,62,0.5961538461538461,0.09971236816874401,5.978735207100591
abl_anchor_w0.3_s42_e14,1TUC,1043,0.15,top,156,66,0.4230769230769231,0.14956855225311602,2.8286489151873764
abl_anchor_w0.3_s42_e14,1TUC,1043,0.15,bot,156,103,0.6602564102564102,0.14956855225311602,4.4144066403681785
abl_anchor_w0.3_s42_e14,1W4H,801,0.05,top,40,14,0.35,0.049937578027465665,7.00875
abl_anchor_w0.3_s42_e14,1W4H,801,0.05,bot,40,27,0.675,0.049937578027465665,13.516875000000002
abl_anchor_w0.3_s42_e14,1W4H,801,0.1,top,80,28,0.35,0.09987515605493133,3.504375
abl_anchor_w0.3_s42_e14,1W4H,801,0.1,bot,80,54,0.675,0.09987515605493133,6.758437500000001
abl_anchor_w0.3_s42_e14,1W4H,801,0.15,top,120,46,0.38333333333333336,0.149812734082397,2.5587500000000003
abl_anchor_w0.3_s42_e14,1W4H,801,0.15,bot,120,88,0.7333333333333333,0.149812734082397,4.895
abl_anchor_w0.3_s42_e14,2BTH,800,0.05,top,40,12,0.3,0.05,5.999999999999999
abl_anchor_w0.3_s42_e14,2BTH,800,0.05,bot,40,22,0.55,0.05,11.0
abl_anchor_w0.3_s42_e14,2BTH,800,0.1,top,80,18,0.225,0.1,2.25
abl_anchor_w0.3_s42_e14,2BTH,800,0.1,bot,80,46,0.575,0.1,5.749999999999999
abl_anchor_w0.3_s42_e14,2BTH,800,0.15,top,120,35,0.2916666666666667,0.15,1.9444444444444446
abl_anchor_w0.3_s42_e14,2BTH,800,0.15,bot,120,85,0.7083333333333334,0.15,4.722222222222222
abl_anchor_w0.3_s42_e14,2K1B,933,0.05,top,46,21,0.45652173913043476,0.04930332261521972,9.25945179584121
abl_anchor_w0.3_s42_e14,2K1B,933,0.05,bot,46,21,0.45652173913043476,0.04930332261521972,9.25945179584121
abl_anchor_w0.3_s42_e14,2K1B,933,0.1,top,93,43,0.46236559139784944,0.09967845659163987,4.638570933055845
abl_anchor_w0.3_s42_e14,2K1B,933,0.1,bot,93,65,0.6989247311827957,0.09967845659163987,7.01179327089837
abl_anchor_w0.3_s42_e14,2K1B,933,0.15,top,139,75,0.539568345323741,0.1489817792068596,3.6217069509859736
abl_anchor_w0.3_s42_e14,2K1B,933,0.15,bot,139,105,0.7553956834532374,0.1489817792068596,5.070389731380363
abl_anchor_w0.3_s42_e14,2K28,919,0.05,top,45,16,0.35555555555555557,0.04896626768226333,7.2612345679012344
abl_anchor_w0.3_s42_e14,2K28,919,0.05,bot,45,21,0.4666666666666667,0.04896626768226333,9.53037037037037
abl_anchor_w0.3_s42_e14,2K28,919,0.1,top,91,36,0.3956043956043956,0.09902067464635474,3.9951696654993354
abl_anchor_w0.3_s42_e14,2K28,919,0.1,bot,91,47,0.5164835164835165,0.09902067464635474,5.215915952179689
abl_anchor_w0.3_s42_e14,2K28,919,0.15,top,137,62,0.45255474452554745,0.14907508161044614,3.035750439554585
abl_anchor_w0.3_s42_e14,2K28,919,0.15,bot,137,88,0.6423357664233577,0.14907508161044614,4.30880707549683
abl_anchor_w0.3_s42_e14,2K5H,1124,0.05,top,56,9,0.16071428571428573,0.0498220640569395,3.225765306122449
abl_anchor_w0.3_s42_e14,2K5H,1124,0.05,bot,56,32,0.5714285714285714,0.0498220640569395,11.46938775510204
abl_anchor_w0.3_s42_e14,2K5H,1124,0.1,top,112,32,0.2857142857142857,0.099644128113879,2.86734693877551
abl_anchor_w0.3_s42_e14,2K5H,1124,0.1,bot,112,77,0.6875,0.099644128113879,6.899553571428571
abl_anchor_w0.3_s42_e14,2K5H,1124,0.15,top,168,62,0.36904761904761907,0.1494661921708185,2.469104308390023
abl_anchor_w0.3_s42_e14,2K5H,1124,0.15,bot,168,127,0.7559523809523809,0.1494661921708185,5.057681405895692
abl_anchor_w0.3_s42_e14,2KVS,1206,0.05,top,60,6,0.1,0.04975124378109453,2.0100000000000002
abl_anchor_w0.3_s42_e14,2KVS,1206,0.05,bot,60,25,0.4166666666666667,0.04975124378109453,8.375
abl_anchor_w0.3_s42_e14,2KVS,1206,0.1,top,120,26,0.21666666666666667,0.09950248756218906,2.1774999999999998
abl_anchor_w0.3_s42_e14,2KVS,1206,0.1,bot,120,62,0.5166666666666667,0.09950248756218906,5.1925
abl_anchor_w0.3_s42_e14,2KVS,1206,0.15,top,180,47,0.2611111111111111,0.14925373134328357,1.7494444444444448
abl_anchor_w0.3_s42_e14,2KVS,1206,0.15,bot,180,104,0.5777777777777777,0.14925373134328357,3.871111111111111
abl_anchor_w0.3_s42_e14,2KWH,979,0.05,top,48,22,0.4583333333333333,0.049029622063329927,9.348090277777779
abl_anchor_w0.3_s42_e14,2KWH,979,0.05,bot,48,27,0.5625,0.049029622063329927,11.47265625
abl_anchor_w0.3_s42_e14,2KWH,979,0.1,top,97,41,0.422680412371134,0.09908069458631256,4.266021893931343
abl_anchor_w0.3_s42_e14,2KWH,979,0.1,bot,97,61,0.6288659793814433,0.09908069458631256,6.347008183653948
abl_anchor_w0.3_s42_e14,2KWH,979,0.15,top,146,70,0.4794520547945205,0.1491317671092952,3.2149559016701064
abl_anchor_w0.3_s42_e14,2KWH,979,0.15,bot,146,104,0.7123287671232876,0.1491317671092952,4.7765059110527295
abl_anchor_w0.3_s42_e14,2KXD,1172,0.05,top,58,2,0.034482758620689655,0.04948805460750853,0.6967895362663495
abl_anchor_w0.3_s42_e14,2KXD,1172,0.05,bot,58,32,0.5517241379310345,0.04948805460750853,11.148632580261593
abl_anchor_w0.3_s42_e14,2KXD,1172,0.1,top,117,13,0.1111111111111111,0.09982935153583618,1.1130104463437795
abl_anchor_w0.3_s42_e14,2KXD,1172,0.1,bot,117,75,0.6410256410256411,0.09982935153583618,6.421214113521806
abl_anchor_w0.3_s42_e14,2KXD,1172,0.15,top,175,37,0.21142857142857144,0.1493174061433447,1.4159673469387755
abl_anchor_w0.3_s42_e14,2KXD,1172,0.15,bot,175,121,0.6914285714285714,0.1493174061433447,4.630595918367347
abl_anchor_w0.3_s42_e14,2L33,1333,0.05,top,66,11,0.16666666666666666,0.04951237809452363,3.3661616161616164
abl_anchor_w0.3_s42_e14,2L33,1333,0.05,bot,66,39,0.5909090909090909,0.04951237809452363,11.934573002754822
abl_anchor_w0.3_s42_e14,2L33,1333,0.1,top,133,32,0.24060150375939848,0.09977494373593399,2.4114421391825425
abl_anchor_w0.3_s42_e14,2L33,1333,0.1,bot,133,103,0.7744360902255639,0.09977494373593399,7.76182938549381
abl_anchor_w0.3_s42_e14,2L33,1333,0.15,top,199,51,0.2562814070351759,0.14928732183045762,1.716699073255726
abl_anchor_w0.3_s42_e14,2L33,1333,0.15,bot,199,147,0.7386934673366834,0.14928732183045762,4.948132622913563
abl_anchor_w0.3_s42_e14,2LQK,989,0.05,top,49,11,0.22448979591836735,0.04954499494438827,4.531028738025823
abl_anchor_w0.3_s42_e14,2LQK,989,0.05,bot,49,15,0.30612244897959184,0.04954499494438827,6.178675551853394
abl_anchor_w0.3_s42_e14,2LQK,989,0.1,top,98,29,0.29591836734693877,0.09908998988877654,2.986359850062474
abl_anchor_w0.3_s42_e14,2LQK,989,0.1,bot,98,59,0.6020408163265306,0.09908998988877654,6.0756976259891715
abl_anchor_w0.3_s42_e14,2LQK,989,0.15,top,148,64,0.43243243243243246,0.14964610717896865,2.8897005113221335
abl_anchor_w0.3_s42_e14,2LQK,989,0.15,bot,148,101,0.6824324324324325,0.14964610717896865,4.560308619430241
abl_anchor_w0.3_s42_e14,2WXC,786,0.05,top,39,19,0.48717948717948717,0.04961832061068702,9.81854043392505
abl_anchor_w0.3_s42_e14,2WXC,786,0.05,bot,39,22,0.5641025641025641,0.04961832061068702,11.368836291913215
abl_anchor_w0.3_s42_e14,2WXC,786,0.1,top,78,30,0.38461538461538464,0.09923664122137404,3.8757396449704147
abl_anchor_w0.3_s42_e14,2WXC,786,0.1,bot,78,59,0.7564102564102564,0.09923664122137404,7.622287968441815
abl_anchor_w0.3_s42_e14,2WXC,786,0.15,top,117,47,0.4017094017094017,0.14885496183206107,2.698663160201622
abl_anchor_w0.3_s42_e14,2WXC,786,0.15,bot,117,94,0.8034188034188035,0.14885496183206107,5.397326320403244
abl_anchor_w0.3_s42_e14,3DKM,1238,0.05,top,61,5,0.08196721311475409,0.049273021001615507,1.6635313087879602
abl_anchor_w0.3_s42_e14,3DKM,1238,0.05,bot,61,29,0.47540983606557374,0.049273021001615507,9.648481590970169
abl_anchor_w0.3_s42_e14,3DKM,1238,0.1,top,123,38,0.3089430894308943,0.09935379644588045,3.1095247537841235
abl_anchor_w0.3_s42_e14,3DKM,1238,0.1,bot,123,53,0.43089430894308944,0.09935379644588045,4.3369687355410145
abl_anchor_w0.3_s42_e14,3DKM,1238,0.15,top,185,69,0.372972972972973,0.1494345718901454,2.4958948137326518
abl_anchor_w0.3_s42_e14,3DKM,1238,0.15,bot,185,99,0.5351351351351351,0.1494345718901454,3.5810664718772824
abl_anchor_w0.3_s42_e14,4C26,1159,0.05,top,57,12,0.21052631578947367,0.04918032786885246,4.280701754385965
abl_anchor_w0.3_s42_e14,4C26,1159,0.05,bot,57,40,0.7017543859649122,0.04918032786885246,14.269005847953215
abl_anchor_w0.3_s42_e14,4C26,1159,0.1,top,115,27,0.23478260869565218,0.0992234685073339,2.366200378071834
abl_anchor_w0.3_s42_e14,4C26,1159,0.1,bot,115,86,0.7478260869565218,0.0992234685073339,7.536786389413989
abl_anchor_w0.3_s42_e14,4C26,1159,0.15,top,173,55,0.3179190751445087,0.14926660914581535,2.1298740352166794
abl_anchor_w0.3_s42_e14,4C26,1159,0.15,bot,173,124,0.7167630057803468,0.14926660914581535,4.80189782485215
abl_anchor_w0.3_s42_e14,6EWS,1035,0.05,top,51,20,0.39215686274509803,0.04927536231884058,7.958477508650518
abl_anchor_w0.3_s42_e14,6EWS,1035,0.05,bot,51,22,0.43137254901960786,0.04927536231884058,8.754325259515571
abl_anchor_w0.3_s42_e14,6EWS,1035,0.1,top,103,47,0.4563106796116505,0.09951690821256039,4.585257799981148
abl_anchor_w0.3_s42_e14,6EWS,1035,0.1,bot,103,67,0.6504854368932039,0.09951690821256039,6.53643133188802
abl_anchor_w0.3_s42_e14,6EWS,1035,0.15,top,155,73,0.47096774193548385,0.1497584541062802,3.1448491155046825
abl_anchor_w0.3_s42_e14,6EWS,1035,0.15,bot,155,114,0.7354838709677419,0.1497584541062802,4.911134235171696
abl_anchor_w0.3_s42_e14,6EWT,1024,0.05,top,51,11,0.21568627450980393,0.0498046875,4.330642060745867
abl_anchor_w0.3_s42_e14,6EWT,1024,0.05,bot,51,33,0.6470588235294118,0.0498046875,12.991926182237602
abl_anchor_w0.3_s42_e14,6EWT,1024,0.1,top,102,32,0.3137254901960784,0.099609375,3.1495578623606306
abl_anchor_w0.3_s42_e14,6EWT,1024,0.1,bot,102,71,0.696078431372549,0.099609375,6.988081507112649
abl_anchor_w0.3_s42_e14,6EWT,1024,0.15,top,153,58,0.3790849673202614,0.1494140625,2.5371438335682854
abl_anchor_w0.3_s42_e14,6EWT,1024,0.15,bot,153,110,0.7189542483660131,0.1494140625,4.811824511939852
abl_anchor_w0.3_s42_e14,6EWU,1009,0.05,top,50,25,0.5,0.049554013875123884,10.09
abl_anchor_w0.3_s42_e14,6EWU,1009,0.05,bot,50,31,0.62,0.049554013875123884,12.5116
abl_anchor_w0.3_s42_e14,6EWU,1009,0.1,top,100,56,0.56,0.09910802775024777,5.6504
abl_anchor_w0.3_s42_e14,6EWU,1009,0.1,bot,100,67,0.67,0.09910802775024777,6.760300000000001
abl_anchor_w0.3_s42_e14,6EWU,1009,0.15,top,151,77,0.5099337748344371,0.14965312190287414,3.407438270251305
abl_anchor_w0.3_s42_e14,6EWU,1009,0.15,bot,151,106,0.7019867549668874,0.14965312190287414,4.690759177229069
abl_anchor_w0.3_s42_e14,HEEH_KT_rd6_0746,806,0.05,top,40,4,0.1,0.04962779156327544,2.015
abl_anchor_w0.3_s42_e14,HEEH_KT_rd6_0746,806,0.05,bot,40,23,0.575,0.04962779156327544,11.586249999999998
abl_anchor_w0.3_s42_e14,HEEH_KT_rd6_0746,806,0.1,top,80,21,0.2625,0.09925558312655088,2.6446875
abl_anchor_w0.3_s42_e14,HEEH_KT_rd6_0746,806,0.1,bot,80,56,0.7,0.09925558312655088,7.052499999999999
abl_anchor_w0.3_s42_e14,HEEH_KT_rd6_0746,806,0.15,top,120,47,0.39166666666666666,0.1488833746898263,2.6306944444444444
abl_anchor_w0.3_s42_e14,HEEH_KT_rd6_0746,806,0.15,bot,120,78,0.65,0.1488833746898263,4.365833333333334
abl_anchor_w0.3_s42_e14,HEEH_KT_rd6_0793,795,0.05,top,39,7,0.1794871794871795,0.04905660377358491,3.6587771203155817
abl_anchor_w0.3_s42_e14,HEEH_KT_rd6_0793,795,0.05,bot,39,13,0.3333333333333333,0.04905660377358491,6.794871794871794
abl_anchor_w0.3_s42_e14,HEEH_KT_rd6_0793,795,0.1,top,79,17,0.21518987341772153,0.09937106918238994,2.165518346418843
abl_anchor_w0.3_s42_e14,HEEH_KT_rd6_0793,795,0.1,bot,79,41,0.5189873417721519,0.09937106918238994,5.22272071783368
abl_anchor_w0.3_s42_e14,HEEH_KT_rd6_0793,795,0.15,top,119,36,0.3025210084033613,0.14968553459119496,2.021043711602288
abl_anchor_w0.3_s42_e14,HEEH_KT_rd6_0793,795,0.15,bot,119,66,0.5546218487394958,0.14968553459119496,3.705246804604195
abl_anchor_w0.3_s42_e14,HHH_rd1_0142,803,0.05,top,40,6,0.15,0.049813200498132,3.01125
abl_anchor_w0.3_s42_e14,HHH_rd1_0142,803,0.05,bot,40,19,0.475,0.049813200498132,9.535625
abl_anchor_w0.3_s42_e14,HHH_rd1_0142,803,0.1,top,80,22,0.275,0.099626400996264,2.7603125000000004
abl_anchor_w0.3_s42_e14,HHH_rd1_0142,803,0.1,bot,80,53,0.6625,0.099626400996264,6.6498437500000005
abl_anchor_w0.3_s42_e14,HHH_rd1_0142,803,0.15,top,120,49,0.4083333333333333,0.149439601494396,2.7324305555555557
abl_anchor_w0.3_s42_e14,HHH_rd1_0142,803,0.15,bot,120,86,0.7166666666666667,0.149439601494396,4.795694444444445
abl_anchor_w0.3_s42_e14,HHH_rd1_0244,770,0.05,top,38,11,0.2894736842105263,0.04935064935064935,5.865650969529086
abl_anchor_w0.3_s42_e14,HHH_rd1_0244,770,0.05,bot,38,20,0.5263157894736842,0.04935064935064935,10.664819944598337
abl_anchor_w0.3_s42_e14,HHH_rd1_0244,770,0.1,top,77,33,0.42857142857142855,0.1,4.285714285714286
abl_anchor_w0.3_s42_e14,HHH_rd1_0244,770,0.1,bot,77,56,0.7272727272727273,0.1,7.2727272727272725
abl_anchor_w0.3_s42_e14,HHH_rd1_0244,770,0.15,top,115,64,0.5565217391304348,0.14935064935064934,3.7262759924385636
abl_anchor_w0.3_s42_e14,HHH_rd1_0244,770,0.15,bot,115,84,0.7304347826086957,0.14935064935064934,4.890737240075614
abl_anchor_w0.3_s42_e14,r11_1081_TrROS_Hall,897,0.05,top,44,2,0.045454545454545456,0.04905239687848383,0.9266528925619836
abl_anchor_w0.3_s42_e14,r11_1081_TrROS_Hall,897,0.05,bot,44,34,0.7727272727272727,0.04905239687848383,15.75309917355372
abl_anchor_w0.3_s42_e14,r11_1081_TrROS_Hall,897,0.1,top,89,18,0.20224719101123595,0.09921962095875139,2.0383789925514453
abl_anchor_w0.3_s42_e14,r11_1081_TrROS_Hall,897,0.1,bot,89,69,0.7752808988764045,0.09921962095875139,7.8137861381138745
abl_anchor_w0.3_s42_e14,r11_1081_TrROS_Hall,897,0.15,top,134,43,0.3208955223880597,0.14938684503901895,2.148084205836489
abl_anchor_w0.3_s42_e14,r11_1081_TrROS_Hall,897,0.15,bot,134,98,0.7313432835820896,0.14938684503901895,4.895633771441301
abl_anchor_w0.3_s42_e14,r12_757_TrROS_Hall,981,0.05,top,49,24,0.4897959183673469,0.04994903160040775,9.805914202415659
abl_anchor_w0.3_s42_e14,r12_757_TrROS_Hall,981,0.05,bot,49,17,0.3469387755102041,0.04994903160040775,6.945855893377759
abl_anchor_w0.3_s42_e14,r12_757_TrROS_Hall,981,0.1,top,98,46,0.46938775510204084,0.0998980632008155,4.698667221990837
abl_anchor_w0.3_s42_e14,r12_757_TrROS_Hall,981,0.1,bot,98,51,0.5204081632653061,0.0998980632008155,5.20939192003332
abl_anchor_w0.3_s42_e14,r12_757_TrROS_Hall,981,0.15,top,147,74,0.5034013605442177,0.14984709480122324,3.359433569346106
abl_anchor_w0.3_s42_e14,r12_757_TrROS_Hall,981,0.15,bot,147,94,0.6394557823129252,0.14984709480122324,4.267388588088297
abl_anchor_w0.3_s42_e14,r18_3_TrROS_Hall,989,0.05,top,49,3,0.061224489795918366,0.04954499494438827,1.2357351103706788
abl_anchor_w0.3_s42_e14,r18_3_TrROS_Hall,989,0.05,bot,49,34,0.6938775510204082,0.04954499494438827,14.00499791753436
abl_anchor_w0.3_s42_e14,r18_3_TrROS_Hall,989,0.1,top,98,19,0.19387755102040816,0.09908998988877654,1.9565805914202414
abl_anchor_w0.3_s42_e14,r18_3_TrROS_Hall,989,0.1,bot,98,71,0.7244897959183674,0.09908998988877654,7.31143273635985
abl_anchor_w0.3_s42_e14,r18_3_TrROS_Hall,989,0.15,top,148,35,0.23648648648648649,0.14964610717896865,1.5803049671292915
abl_anchor_w0.3_s42_e14,r18_3_TrROS_Hall,989,0.15,bot,148,116,0.7837837837837838,0.14964610717896865,5.237582176771366
abl_anchor_w1.0_s42_e14,1GYZ,1125,0.05,top,56,4,0.07142857142857142,0.049777777777777775,1.4349489795918366
abl_anchor_w1.0_s42_e14,1GYZ,1125,0.05,bot,56,28,0.5,0.049777777777777775,10.044642857142858
abl_anchor_w1.0_s42_e14,1GYZ,1125,0.1,top,112,28,0.25,0.09955555555555555,2.5111607142857144
abl_anchor_w1.0_s42_e14,1GYZ,1125,0.1,bot,112,59,0.5267857142857143,0.09955555555555555,5.291374362244898
abl_anchor_w1.0_s42_e14,1GYZ,1125,0.15,top,168,44,0.2619047619047619,0.14933333333333335,1.753826530612245
abl_anchor_w1.0_s42_e14,1GYZ,1125,0.15,bot,168,101,0.6011904761904762,0.14933333333333335,4.0258290816326525
abl_anchor_w1.0_s42_e14,1PSE,1217,0.05,top,60,9,0.15,0.049301561216105176,3.0425
abl_anchor_w1.0_s42_e14,1PSE,1217,0.05,bot,60,26,0.43333333333333335,0.049301561216105176,8.789444444444445
abl_anchor_w1.0_s42_e14,1PSE,1217,0.1,top,121,25,0.2066115702479339,0.09942481511914544,2.0780684379482275
abl_anchor_w1.0_s42_e14,1PSE,1217,0.1,bot,121,73,0.6033057851239669,0.09942481511914544,6.067959838808824
abl_anchor_w1.0_s42_e14,1PSE,1217,0.15,top,182,53,0.29120879120879123,0.1495480690221857,1.9472587851708731
abl_anchor_w1.0_s42_e14,1PSE,1217,0.15,bot,182,118,0.6483516483516484,0.1495480690221857,4.335406351889868
abl_anchor_w1.0_s42_e14,1QKH,1271,0.05,top,63,9,0.14285714285714285,0.04956726986624705,2.8820861678004532
abl_anchor_w1.0_s42_e14,1QKH,1271,0.05,bot,63,27,0.42857142857142855,0.04956726986624705,8.64625850340136
abl_anchor_w1.0_s42_e14,1QKH,1271,0.1,top,127,32,0.25196850393700787,0.0999213217938631,2.5216690433380866
abl_anchor_w1.0_s42_e14,1QKH,1271,0.1,bot,127,64,0.5039370078740157,0.0999213217938631,5.043338086676173
abl_anchor_w1.0_s42_e14,1QKH,1271,0.15,top,190,58,0.30526315789473685,0.14948859166011014,2.042049861495845
abl_anchor_w1.0_s42_e14,1QKH,1271,0.15,bot,190,98,0.5157894736842106,0.14948859166011014,3.4503601108033246
abl_anchor_w1.0_s42_e14,1QP2,1082,0.05,top,54,10,0.18518518518518517,0.04990757855822551,3.7105624142661178
abl_anchor_w1.0_s42_e14,1QP2,1082,0.05,bot,54,24,0.4444444444444444,0.04990757855822551,8.905349794238683
abl_anchor_w1.0_s42_e14,1QP2,1082,0.1,top,108,38,0.35185185185185186,0.09981515711645102,3.525034293552812
abl_anchor_w1.0_s42_e14,1QP2,1082,0.1,bot,108,49,0.4537037037037037,0.09981515711645102,4.545438957475994
abl_anchor_w1.0_s42_e14,1QP2,1082,0.15,top,162,63,0.3888888888888889,0.14972273567467653,2.5973936899862826
abl_anchor_w1.0_s42_e14,1QP2,1082,0.15,bot,162,84,0.5185185185185185,0.14972273567467653,3.4631915866483762
abl_anchor_w1.0_s42_e14,1TUC,1043,0.05,top,52,12,0.23076923076923078,0.04985618408437201,4.628698224852071
abl_anchor_w1.0_s42_e14,1TUC,1043,0.05,bot,52,29,0.5576923076923077,0.04985618408437201,11.186020710059172
abl_anchor_w1.0_s42_e14,1TUC,1043,0.1,top,104,32,0.3076923076923077,0.09971236816874401,3.0857988165680474
abl_anchor_w1.0_s42_e14,1TUC,1043,0.1,bot,104,57,0.5480769230769231,0.09971236816874401,5.496579142011835
abl_anchor_w1.0_s42_e14,1TUC,1043,0.15,top,156,56,0.358974358974359,0.14956855225311602,2.400065746219592
abl_anchor_w1.0_s42_e14,1TUC,1043,0.15,bot,156,97,0.6217948717948718,0.14956855225311602,4.157256738987508
abl_anchor_w1.0_s42_e14,1W4H,801,0.05,top,40,17,0.425,0.049937578027465665,8.510625000000001
abl_anchor_w1.0_s42_e14,1W4H,801,0.05,bot,40,26,0.65,0.049937578027465665,13.016250000000001
abl_anchor_w1.0_s42_e14,1W4H,801,0.1,top,80,30,0.375,0.09987515605493133,3.7546875
abl_anchor_w1.0_s42_e14,1W4H,801,0.1,bot,80,56,0.7,0.09987515605493133,7.00875
abl_anchor_w1.0_s42_e14,1W4H,801,0.15,top,120,51,0.425,0.149812734082397,2.836875
abl_anchor_w1.0_s42_e14,1W4H,801,0.15,bot,120,89,0.7416666666666667,0.149812734082397,4.950625
abl_anchor_w1.0_s42_e14,2BTH,800,0.05,top,40,11,0.275,0.05,5.5
abl_anchor_w1.0_s42_e14,2BTH,800,0.05,bot,40,15,0.375,0.05,7.5
abl_anchor_w1.0_s42_e14,2BTH,800,0.1,top,80,20,0.25,0.1,2.5
abl_anchor_w1.0_s42_e14,2BTH,800,0.1,bot,80,45,0.5625,0.1,5.625
abl_anchor_w1.0_s42_e14,2BTH,800,0.15,top,120,40,0.3333333333333333,0.15,2.2222222222222223
abl_anchor_w1.0_s42_e14,2BTH,800,0.15,bot,120,80,0.6666666666666666,0.15,4.444444444444445
abl_anchor_w1.0_s42_e14,2K1B,933,0.05,top,46,18,0.391304347826087,0.04930332261521972,7.9366729678638945
abl_anchor_w1.0_s42_e14,2K1B,933,0.05,bot,46,23,0.5,0.04930332261521972,10.141304347826088
abl_anchor_w1.0_s42_e14,2K1B,933,0.1,top,93,42,0.45161290322580644,0.09967845659163987,4.530697190426639
abl_anchor_w1.0_s42_e14,2K1B,933,0.1,bot,93,65,0.6989247311827957,0.09967845659163987,7.01179327089837
abl_anchor_w1.0_s42_e14,2K1B,933,0.15,top,139,67,0.48201438848920863,0.1489817792068596,3.2353915428808033
abl_anchor_w1.0_s42_e14,2K1B,933,0.15,bot,139,97,0.697841726618705,0.1489817792068596,4.684074323275193
abl_anchor_w1.0_s42_e14,2K28,919,0.05,top,45,13,0.28888888888888886,0.04896626768226333,5.899753086419753
abl_anchor_w1.0_s42_e14,2K28,919,0.05,bot,45,21,0.4666666666666667,0.04896626768226333,9.53037037037037
abl_anchor_w1.0_s42_e14,2K28,919,0.1,top,91,31,0.34065934065934067,0.09902067464635474,3.440284989735539
abl_anchor_w1.0_s42_e14,2K28,919,0.1,bot,91,47,0.5164835164835165,0.09902067464635474,5.215915952179689
abl_anchor_w1.0_s42_e14,2K28,919,0.15,top,137,58,0.4233576642335766,0.14907508161044614,2.839895572486547
abl_anchor_w1.0_s42_e14,2K28,919,0.15,bot,137,87,0.635036496350365,0.14907508161044614,4.25984335872982
abl_anchor_w1.0_s42_e14,2K5H,1124,0.05,top,56,12,0.21428571428571427,0.0498220640569395,4.301020408163265
abl_anchor_w1.0_s42_e14,2K5H,1124,0.05,bot,56,30,0.5357142857142857,0.0498220640569395,10.752551020408163
abl_anchor_w1.0_s42_e14,2K5H,1124,0.1,top,112,32,0.2857142857142857,0.099644128113879,2.86734693877551
abl_anchor_w1.0_s42_e14,2K5H,1124,0.1,bot,112,77,0.6875,0.099644128113879,6.899553571428571
abl_anchor_w1.0_s42_e14,2K5H,1124,0.15,top,168,63,0.375,0.1494661921708185,2.5089285714285716
abl_anchor_w1.0_s42_e14,2K5H,1124,0.15,bot,168,124,0.7380952380952381,0.1494661921708185,4.938208616780046
abl_anchor_w1.0_s42_e14,2KVS,1206,0.05,top,60,2,0.03333333333333333,0.04975124378109453,0.6699999999999999
abl_anchor_w1.0_s42_e14,2KVS,1206,0.05,bot,60,20,0.3333333333333333,0.04975124378109453,6.699999999999999
abl_anchor_w1.0_s42_e14,2KVS,1206,0.1,top,120,20,0.16666666666666666,0.09950248756218906,1.6749999999999998
abl_anchor_w1.0_s42_e14,2KVS,1206,0.1,bot,120,48,0.4,0.09950248756218906,4.0200000000000005
abl_anchor_w1.0_s42_e14,2KVS,1206,0.15,top,180,44,0.24444444444444444,0.14925373134328357,1.6377777777777778
abl_anchor_w1.0_s42_e14,2KVS,1206,0.15,bot,180,87,0.48333333333333334,0.14925373134328357,3.2383333333333337
abl_anchor_w1.0_s42_e14,2KWH,979,0.05,top,48,16,0.3333333333333333,0.049029622063329927,6.798611111111111
abl_anchor_w1.0_s42_e14,2KWH,979,0.05,bot,48,23,0.4791666666666667,0.049029622063329927,9.773003472222223
abl_anchor_w1.0_s42_e14,2KWH,979,0.1,top,97,35,0.36082474226804123,0.09908069458631256,3.6417260070145603
abl_anchor_w1.0_s42_e14,2KWH,979,0.1,bot,97,58,0.5979381443298969,0.09908069458631256,6.034860240195557
abl_anchor_w1.0_s42_e14,2KWH,979,0.15,top,146,65,0.4452054794520548,0.1491317671092952,2.9853161944079565
abl_anchor_w1.0_s42_e14,2KWH,979,0.15,bot,146,103,0.7054794520547946,0.1491317671092952,4.7305779696003
abl_anchor_w1.0_s42_e14,2KXD,1172,0.05,top,58,2,0.034482758620689655,0.04948805460750853,0.6967895362663495
abl_anchor_w1.0_s42_e14,2KXD,1172,0.05,bot,58,27,0.46551724137931033,0.04948805460750853,9.406658739595718
abl_anchor_w1.0_s42_e14,2KXD,1172,0.1,top,117,13,0.1111111111111111,0.09982935153583618,1.1130104463437795
abl_anchor_w1.0_s42_e14,2KXD,1172,0.1,bot,117,74,0.6324786324786325,0.09982935153583618,6.3355979253415144
abl_anchor_w1.0_s42_e14,2KXD,1172,0.15,top,175,36,0.2057142857142857,0.1493174061433447,1.3776979591836733
abl_anchor_w1.0_s42_e14,2KXD,1172,0.15,bot,175,111,0.6342857142857142,0.1493174061433447,4.247902040816326
abl_anchor_w1.0_s42_e14,2L33,1333,0.05,top,66,5,0.07575757575757576,0.04951237809452363,1.5300734618916438
abl_anchor_w1.0_s42_e14,2L33,1333,0.05,bot,66,34,0.5151515151515151,0.04951237809452363,10.404499540863178
abl_anchor_w1.0_s42_e14,2L33,1333,0.1,top,133,29,0.21804511278195488,0.09977494373593399,2.1853694386341793
abl_anchor_w1.0_s42_e14,2L33,1333,0.1,bot,133,97,0.7293233082706767,0.09977494373593399,7.309683984397083
abl_anchor_w1.0_s42_e14,2L33,1333,0.15,top,199,47,0.23618090452261306,0.14928732183045762,1.5820560086866493
abl_anchor_w1.0_s42_e14,2L33,1333,0.15,bot,199,138,0.6934673366834171,0.14928732183045762,4.64518572763314
abl_anchor_w1.0_s42_e14,2LQK,989,0.05,top,49,9,0.1836734693877551,0.04954499494438827,3.707205331112037
abl_anchor_w1.0_s42_e14,2LQK,989,0.05,bot,49,13,0.2653061224489796,0.04954499494438827,5.354852144939609
abl_anchor_w1.0_s42_e14,2LQK,989,0.1,top,98,31,0.3163265306122449,0.09908998988877654,3.1923157017909207
abl_anchor_w1.0_s42_e14,2LQK,989,0.1,bot,98,60,0.6122448979591837,0.09908998988877654,6.178675551853394
abl_anchor_w1.0_s42_e14,2LQK,989,0.15,top,148,61,0.41216216216216217,0.14964610717896865,2.754245799853908
abl_anchor_w1.0_s42_e14,2LQK,989,0.15,bot,148,101,0.6824324324324325,0.14964610717896865,4.560308619430241
abl_anchor_w1.0_s42_e14,2WXC,786,0.05,top,39,18,0.46153846153846156,0.04961832061068702,9.301775147928995
abl_anchor_w1.0_s42_e14,2WXC,786,0.05,bot,39,22,0.5641025641025641,0.04961832061068702,11.368836291913215
abl_anchor_w1.0_s42_e14,2WXC,786,0.1,top,78,28,0.358974358974359,0.09923664122137404,3.617357001972387
abl_anchor_w1.0_s42_e14,2WXC,786,0.1,bot,78,58,0.7435897435897436,0.09923664122137404,7.493096646942801
abl_anchor_w1.0_s42_e14,2WXC,786,0.15,top,117,49,0.4188034188034188,0.14885496183206107,2.8134998904229676
abl_anchor_w1.0_s42_e14,2WXC,786,0.15,bot,117,94,0.8034188034188035,0.14885496183206107,5.397326320403244
abl_anchor_w1.0_s42_e14,3DKM,1238,0.05,top,61,4,0.06557377049180328,0.049273021001615507,1.3308250470303684
abl_anchor_w1.0_s42_e14,3DKM,1238,0.05,bot,61,29,0.47540983606557374,0.049273021001615507,9.648481590970169
abl_anchor_w1.0_s42_e14,3DKM,1238,0.1,top,123,35,0.2845528455284553,0.09935379644588045,2.864035957432745
abl_anchor_w1.0_s42_e14,3DKM,1238,0.1,bot,123,52,0.42276422764227645,0.09935379644588045,4.255139136757221
abl_anchor_w1.0_s42_e14,3DKM,1238,0.15,top,185,66,0.3567567567567568,0.1494345718901454,2.3873776479181887
abl_anchor_w1.0_s42_e14,3DKM,1238,0.15,bot,185,95,0.5135135135135135,0.1494345718901454,3.4363769174579986
abl_anchor_w1.0_s42_e14,4C26,1159,0.05,top,57,11,0.19298245614035087,0.04918032786885246,3.9239766081871346
abl_anchor_w1.0_s42_e14,4C26,1159,0.05,bot,57,40,0.7017543859649122,0.04918032786885246,14.269005847953215
abl_anchor_w1.0_s42_e14,4C26,1159,0.1,top,115,29,0.25217391304347825,0.0992234685073339,2.5414744801512286
abl_anchor_w1.0_s42_e14,4C26,1159,0.1,bot,115,80,0.6956521739130435,0.0992234685073339,7.0109640831758036
abl_anchor_w1.0_s42_e14,4C26,1159,0.15,top,173,49,0.2832369942196532,0.14926660914581535,1.8975241404657692
abl_anchor_w1.0_s42_e14,4C26,1159,0.15,bot,173,131,0.7572254335260116,0.14926660914581535,5.072972702061546
abl_anchor_w1.0_s42_e14,6EWS,1035,0.05,top,51,20,0.39215686274509803,0.04927536231884058,7.958477508650518
abl_anchor_w1.0_s42_e14,6EWS,1035,0.05,bot,51,25,0.49019607843137253,0.04927536231884058,9.948096885813149
abl_anchor_w1.0_s42_e14,6EWS,1035,0.1,top,103,48,0.46601941747572817,0.09951690821256039,4.682816476576492
abl_anchor_w1.0_s42_e14,6EWS,1035,0.1,bot,103,71,0.6893203883495146,0.09951690821256039,6.926666038269394
abl_anchor_w1.0_s42_e14,6EWS,1035,0.15,top,155,68,0.43870967741935485,0.1497584541062802,2.929448491155047
abl_anchor_w1.0_s42_e14,6EWS,1035,0.15,bot,155,113,0.7290322580645161,0.1497584541062802,4.8680541103017685
abl_anchor_w1.0_s42_e14,6EWT,1024,0.05,top,51,14,0.27450980392156865,0.0498046875,5.511726259131104
abl_anchor_w1.0_s42_e14,6EWT,1024,0.05,bot,51,27,0.5294117647058824,0.0498046875,10.629757785467127
abl_anchor_w1.0_s42_e14,6EWT,1024,0.1,top,102,29,0.28431372549019607,0.099609375,2.8542868127643213
abl_anchor_w1.0_s42_e14,6EWT,1024,0.1,bot,102,70,0.6862745098039216,0.099609375,6.889657823913879
abl_anchor_w1.0_s42_e14,6EWT,1024,0.15,top,153,51,0.3333333333333333,0.1494140625,2.230936819172113
abl_anchor_w1.0_s42_e14,6EWT,1024,0.15,bot,153,110,0.7189542483660131,0.1494140625,4.811824511939852
abl_anchor_w1.0_s42_e14,6EWU,1009,0.05,top,50,24,0.48,0.049554013875123884,9.686399999999999
abl_anchor_w1.0_s42_e14,6EWU,1009,0.05,bot,50,30,0.6,0.049554013875123884,12.108
abl_anchor_w1.0_s42_e14,6EWU,1009,0.1,top,100,51,0.51,0.09910802775024777,5.1459
abl_anchor_w1.0_s42_e14,6EWU,1009,0.1,bot,100,65,0.65,0.09910802775024777,6.5585
abl_anchor_w1.0_s42_e14,6EWU,1009,0.15,top,151,76,0.5033112582781457,0.14965312190287414,3.363185825183106
abl_anchor_w1.0_s42_e14,6EWU,1009,0.15,bot,151,105,0.695364238410596,0.14965312190287414,4.64650673216087
abl_anchor_w1.0_s42_e14,HEEH_KT_rd6_0746,806,0.05,top,40,4,0.1,0.04962779156327544,2.015
abl_anchor_w1.0_s42_e14,HEEH_KT_rd6_0746,806,0.05,bot,40,21,0.525,0.04962779156327544,10.57875
abl_anchor_w1.0_s42_e14,HEEH_KT_rd6_0746,806,0.1,top,80,17,0.2125,0.09925558312655088,2.1409374999999997
abl_anchor_w1.0_s42_e14,HEEH_KT_rd6_0746,806,0.1,bot,80,52,0.65,0.09925558312655088,6.54875
abl_anchor_w1.0_s42_e14,HEEH_KT_rd6_0746,806,0.15,top,120,35,0.2916666666666667,0.1488833746898263,1.959027777777778
abl_anchor_w1.0_s42_e14,HEEH_KT_rd6_0746,806,0.15,bot,120,77,0.6416666666666667,0.1488833746898263,4.309861111111112
abl_anchor_w1.0_s42_e14,HEEH_KT_rd6_0793,795,0.05,top,39,6,0.15384615384615385,0.04905660377358491,3.136094674556213
abl_anchor_w1.0_s42_e14,HEEH_KT_rd6_0793,795,0.05,bot,39,14,0.358974358974359,0.04905660377358491,7.317554240631163
abl_anchor_w1.0_s42_e14,HEEH_KT_rd6_0793,795,0.1,top,79,16,0.20253164556962025,0.09937106918238994,2.038134914276558
abl_anchor_w1.0_s42_e14,HEEH_KT_rd6_0793,795,0.1,bot,79,39,0.4936708860759494,0.09937106918238994,4.967953853549111
abl_anchor_w1.0_s42_e14,HEEH_KT_rd6_0793,795,0.15,top,119,38,0.31932773109243695,0.14968553459119496,2.133323917802415
abl_anchor_w1.0_s42_e14,HEEH_KT_rd6_0793,795,0.15,bot,119,57,0.4789915966386555,0.14968553459119496,3.199985876703623
abl_anchor_w1.0_s42_e14,HHH_rd1_0142,803,0.05,top,40,3,0.075,0.049813200498132,1.505625
abl_anchor_w1.0_s42_e14,HHH_rd1_0142,803,0.05,bot,40,23,0.575,0.049813200498132,11.543125
abl_anchor_w1.0_s42_e14,HHH_rd1_0142,803,0.1,top,80,17,0.2125,0.099626400996264,2.13296875
abl_anchor_w1.0_s42_e14,HHH_rd1_0142,803,0.1,bot,80,58,0.725,0.099626400996264,7.2771875
abl_anchor_w1.0_s42_e14,HHH_rd1_0142,803,0.15,top,120,48,0.4,0.149439601494396,2.676666666666667
abl_anchor_w1.0_s42_e14,HHH_rd1_0142,803,0.15,bot,120,88,0.7333333333333333,0.149439601494396,4.907222222222222
abl_anchor_w1.0_s42_e14,HHH_rd1_0244,770,0.05,top,38,10,0.2631578947368421,0.04935064935064935,5.3324099722991685
abl_anchor_w1.0_s42_e14,HHH_rd1_0244,770,0.05,bot,38,22,0.5789473684210527,0.04935064935064935,11.731301939058172
abl_anchor_w1.0_s42_e14,HHH_rd1_0244,770,0.1,top,77,26,0.33766233766233766,0.1,3.3766233766233764
abl_anchor_w1.0_s42_e14,HHH_rd1_0244,770,0.1,bot,77,52,0.6753246753246753,0.1,6.753246753246753
abl_anchor_w1.0_s42_e14,HHH_rd1_0244,770,0.15,top,115,57,0.4956521739130435,0.14935064935064934,3.3187145557655957
abl_anchor_w1.0_s42_e14,HHH_rd1_0244,770,0.15,bot,115,78,0.6782608695652174,0.14935064935064934,4.541398865784499
abl_anchor_w1.0_s42_e14,r11_1081_TrROS_Hall,897,0.05,top,44,4,0.09090909090909091,0.04905239687848383,1.8533057851239672
abl_anchor_w1.0_s42_e14,r11_1081_TrROS_Hall,897,0.05,bot,44,34,0.7727272727272727,0.04905239687848383,15.75309917355372
abl_anchor_w1.0_s42_e14,r11_1081_TrROS_Hall,897,0.1,top,89,17,0.19101123595505617,0.09921962095875139,1.9251357151874764
abl_anchor_w1.0_s42_e14,r11_1081_TrROS_Hall,897,0.1,bot,89,70,0.7865168539325843,0.09921962095875139,7.927029415477844
abl_anchor_w1.0_s42_e14,r11_1081_TrROS_Hall,897,0.15,top,134,35,0.26119402985074625,0.14938684503901895,1.7484406326576074
abl_anchor_w1.0_s42_e14,r11_1081_TrROS_Hall,897,0.15,bot,134,99,0.7388059701492538,0.14938684503901895,4.945589218088662
abl_anchor_w1.0_s42_e14,r12_757_TrROS_Hall,981,0.05,top,49,18,0.3673469387755102,0.04994903160040775,7.3544356518117455
abl_anchor_w1.0_s42_e14,r12_757_TrROS_Hall,981,0.05,bot,49,16,0.32653061224489793,0.04994903160040775,6.537276134943773
abl_anchor_w1.0_s42_e14,r12_757_TrROS_Hall,981,0.1,top,98,43,0.4387755102040816,0.0998980632008155,4.392232403165347
abl_anchor_w1.0_s42_e14,r12_757_TrROS_Hall,981,0.1,bot,98,51,0.5204081632653061,0.0998980632008155,5.20939192003332
abl_anchor_w1.0_s42_e14,r12_757_TrROS_Hall,981,0.15,top,147,67,0.4557823129251701,0.14984709480122324,3.041649312786339
abl_anchor_w1.0_s42_e14,r12_757_TrROS_Hall,981,0.15,bot,147,91,0.6190476190476191,0.14984709480122324,4.131195335276968
abl_anchor_w1.0_s42_e14,r18_3_TrROS_Hall,989,0.05,top,49,3,0.061224489795918366,0.04954499494438827,1.2357351103706788
abl_anchor_w1.0_s42_e14,r18_3_TrROS_Hall,989,0.05,bot,49,29,0.5918367346938775,0.04954499494438827,11.945439400249896
abl_anchor_w1.0_s42_e14,r18_3_TrROS_Hall,989,0.1,top,98,24,0.24489795918367346,0.09908998988877654,2.4714702207413577
abl_anchor_w1.0_s42_e14,r18_3_TrROS_Hall,989,0.1,bot,98,74,0.7551020408163265,0.09908998988877654,7.620366513952519
abl_anchor_w1.0_s42_e14,r18_3_TrROS_Hall,989,0.15,top,148,46,0.3108108108108108,0.14964610717896865,2.0769722425127832
abl_anchor_w1.0_s42_e14,r18_3_TrROS_Hall,989,0.15,bot,148,120,0.8108108108108109,0.14964610717896865,5.418188458729
abl_anchor_w3.0_s42_e13,1GYZ,1125,0.05,top,56,4,0.07142857142857142,0.049777777777777775,1.4349489795918366
abl_anchor_w3.0_s42_e13,1GYZ,1125,0.05,bot,56,24,0.42857142857142855,0.049777777777777775,8.60969387755102
abl_anchor_w3.0_s42_e13,1GYZ,1125,0.1,top,112,19,0.16964285714285715,0.09955555555555555,1.7040019132653064
abl_anchor_w3.0_s42_e13,1GYZ,1125,0.1,bot,112,47,0.41964285714285715,0.09955555555555555,4.21516262755102
abl_anchor_w3.0_s42_e13,1GYZ,1125,0.15,top,168,32,0.19047619047619047,0.14933333333333335,1.2755102040816324
abl_anchor_w3.0_s42_e13,1GYZ,1125,0.15,bot,168,82,0.4880952380952381,0.14933333333333335,3.2684948979591835
abl_anchor_w3.0_s42_e13,1PSE,1217,0.05,top,60,7,0.11666666666666667,0.049301561216105176,2.366388888888889
abl_anchor_w3.0_s42_e13,1PSE,1217,0.05,bot,60,21,0.35,0.049301561216105176,7.099166666666666
abl_anchor_w3.0_s42_e13,1PSE,1217,0.1,top,121,28,0.23140495867768596,0.09942481511914544,2.327436650502015
abl_anchor_w3.0_s42_e13,1PSE,1217,0.1,bot,121,68,0.5619834710743802,0.09942481511914544,5.652346151219179
abl_anchor_w3.0_s42_e13,1PSE,1217,0.15,top,182,50,0.27472527472527475,0.1495480690221857,1.8370365897838428
abl_anchor_w3.0_s42_e13,1PSE,1217,0.15,bot,182,111,0.6098901098901099,0.1495480690221857,4.078221229320131
abl_anchor_w3.0_s42_e13,1QKH,1271,0.05,top,63,10,0.15873015873015872,0.04956726986624705,3.202317964222726
abl_anchor_w3.0_s42_e13,1QKH,1271,0.05,bot,63,17,0.2698412698412698,0.04956726986624705,5.443940539178634
abl_anchor_w3.0_s42_e13,1QKH,1271,0.1,top,127,27,0.2125984251968504,0.0999213217938631,2.127658255316511
abl_anchor_w3.0_s42_e13,1QKH,1271,0.1,bot,127,38,0.2992125984251969,0.0999213217938631,2.994481988963978
abl_anchor_w3.0_s42_e13,1QKH,1271,0.15,top,190,57,0.3,0.14948859166011014,2.006842105263158
abl_anchor_w3.0_s42_e13,1QKH,1271,0.15,bot,190,71,0.3736842105263158,0.14948859166011014,2.499750692520776
abl_anchor_w3.0_s42_e13,1QP2,1082,0.05,top,54,13,0.24074074074074073,0.04990757855822551,4.823731138545953
abl_anchor_w3.0_s42_e13,1QP2,1082,0.05,bot,54,22,0.4074074074074074,0.04990757855822551,8.163237311385458
abl_anchor_w3.0_s42_e13,1QP2,1082,0.1,top,108,36,0.3333333333333333,0.09981515711645102,3.339506172839506
abl_anchor_w3.0_s42_e13,1QP2,1082,0.1,bot,108,48,0.4444444444444444,0.09981515711645102,4.4526748971193415
abl_anchor_w3.0_s42_e13,1QP2,1082,0.15,top,162,60,0.37037037037037035,0.14972273567467653,2.473708276177412
abl_anchor_w3.0_s42_e13,1QP2,1082,0.15,bot,162,85,0.5246913580246914,0.14972273567467653,3.5044200579180003
abl_anchor_w3.0_s42_e13,1TUC,1043,0.05,top,52,11,0.21153846153846154,0.04985618408437201,4.242973372781065
abl_anchor_w3.0_s42_e13,1TUC,1043,0.05,bot,52,19,0.36538461538461536,0.04985618408437201,7.328772189349111
abl_anchor_w3.0_s42_e13,1TUC,1043,0.1,top,104,25,0.2403846153846154,0.09971236816874401,2.410780325443787
abl_anchor_w3.0_s42_e13,1TUC,1043,0.1,bot,104,50,0.4807692307692308,0.09971236816874401,4.821560650887574
abl_anchor_w3.0_s42_e13,1TUC,1043,0.15,top,156,50,0.32051282051282054,0.14956855225311602,2.142915844838922
abl_anchor_w3.0_s42_e13,1TUC,1043,0.15,bot,156,90,0.5769230769230769,0.14956855225311602,3.8572485207100584
abl_anchor_w3.0_s42_e13,1W4H,801,0.05,top,40,13,0.325,0.049937578027465665,6.508125000000001
abl_anchor_w3.0_s42_e13,1W4H,801,0.05,bot,40,17,0.425,0.049937578027465665,8.510625000000001
abl_anchor_w3.0_s42_e13,1W4H,801,0.1,top,80,27,0.3375,0.09987515605493133,3.3792187500000006
abl_anchor_w3.0_s42_e13,1W4H,801,0.1,bot,80,48,0.6,0.09987515605493133,6.0075
abl_anchor_w3.0_s42_e13,1W4H,801,0.15,top,120,47,0.39166666666666666,0.149812734082397,2.614375
abl_anchor_w3.0_s42_e13,1W4H,801,0.15,bot,120,87,0.725,0.149812734082397,4.8393749999999995
abl_anchor_w3.0_s42_e13,2BTH,800,0.05,top,40,6,0.15,0.05,2.9999999999999996
abl_anchor_w3.0_s42_e13,2BTH,800,0.05,bot,40,14,0.35,0.05,6.999999999999999
abl_anchor_w3.0_s42_e13,2BTH,800,0.1,top,80,18,0.225,0.1,2.25
abl_anchor_w3.0_s42_e13,2BTH,800,0.1,bot,80,33,0.4125,0.1,4.124999999999999
abl_anchor_w3.0_s42_e13,2BTH,800,0.15,top,120,29,0.24166666666666667,0.15,1.6111111111111112
abl_anchor_w3.0_s42_e13,2BTH,800,0.15,bot,120,58,0.48333333333333334,0.15,3.2222222222222223
abl_anchor_w3.0_s42_e13,2K1B,933,0.05,top,46,13,0.2826086956521739,0.04930332261521972,5.732041587901701
abl_anchor_w3.0_s42_e13,2K1B,933,0.05,bot,46,22,0.4782608695652174,0.04930332261521972,9.700378071833649
abl_anchor_w3.0_s42_e13,2K1B,933,0.1,top,93,31,0.3333333333333333,0.09967845659163987,3.344086021505376
abl_anchor_w3.0_s42_e13,2K1B,933,0.1,bot,93,53,0.5698924731182796,0.09967845659163987,5.717308359347902
abl_anchor_w3.0_s42_e13,2K1B,933,0.15,top,139,58,0.4172661870503597,0.1489817792068596,2.8007867087624865
abl_anchor_w3.0_s42_e13,2K1B,933,0.15,bot,139,96,0.6906474820143885,0.1489817792068596,4.635784897262047
abl_anchor_w3.0_s42_e13,2K28,919,0.05,top,45,9,0.2,0.04896626768226333,4.084444444444444
abl_anchor_w3.0_s42_e13,2K28,919,0.05,bot,45,19,0.4222222222222222,0.04896626768226333,8.622716049382715
abl_anchor_w3.0_s42_e13,2K28,919,0.1,top,91,26,0.2857142857142857,0.09902067464635474,2.885400313971742
abl_anchor_w3.0_s42_e13,2K28,919,0.1,bot,91,42,0.46153846153846156,0.09902067464635474,4.661031276415892
abl_anchor_w3.0_s42_e13,2K28,919,0.15,top,137,46,0.3357664233576642,0.14907508161044614,2.2523309712824338
abl_anchor_w3.0_s42_e13,2K28,919,0.15,bot,137,83,0.6058394160583942,0.14907508161044614,4.063988491661783
abl_anchor_w3.0_s42_e13,2K5H,1124,0.05,top,56,8,0.14285714285714285,0.0498220640569395,2.86734693877551
abl_anchor_w3.0_s42_e13,2K5H,1124,0.05,bot,56,23,0.4107142857142857,0.0498220640569395,8.243622448979592
abl_anchor_w3.0_s42_e13,2K5H,1124,0.1,top,112,28,0.25,0.099644128113879,2.5089285714285716
abl_anchor_w3.0_s42_e13,2K5H,1124,0.1,bot,112,73,0.6517857142857143,0.099644128113879,6.541135204081633
abl_anchor_w3.0_s42_e13,2K5H,1124,0.15,top,168,60,0.35714285714285715,0.1494661921708185,2.3894557823129254
abl_anchor_w3.0_s42_e13,2K5H,1124,0.15,bot,168,120,0.7142857142857143,0.1494661921708185,4.778911564625851
abl_anchor_w3.0_s42_e13,2KVS,1206,0.05,top,60,6,0.1,0.04975124378109453,2.0100000000000002
abl_anchor_w3.0_s42_e13,2KVS,1206,0.05,bot,60,20,0.3333333333333333,0.04975124378109453,6.699999999999999
abl_anchor_w3.0_s42_e13,2KVS,1206,0.1,top,120,20,0.16666666666666666,0.09950248756218906,1.6749999999999998
abl_anchor_w3.0_s42_e13,2KVS,1206,0.1,bot,120,46,0.38333333333333336,0.09950248756218906,3.8525
abl_anchor_w3.0_s42_e13,2KVS,1206,0.15,top,180,39,0.21666666666666667,0.14925373134328357,1.4516666666666669
abl_anchor_w3.0_s42_e13,2KVS,1206,0.15,bot,180,77,0.42777777777777776,0.14925373134328357,2.866111111111111
abl_anchor_w3.0_s42_e13,2KWH,979,0.05,top,48,11,0.22916666666666666,0.049029622063329927,4.674045138888889
abl_anchor_w3.0_s42_e13,2KWH,979,0.05,bot,48,17,0.3541666666666667,0.049029622063329927,7.223524305555556
abl_anchor_w3.0_s42_e13,2KWH,979,0.1,top,97,33,0.3402061855670103,0.09908069458631256,3.4336273780423
abl_anchor_w3.0_s42_e13,2KWH,979,0.1,bot,97,45,0.4639175257731959,0.09908069458631256,4.682219151875864
abl_anchor_w3.0_s42_e13,2KWH,979,0.15,top,146,57,0.3904109589041096,0.1491317671092952,2.6178926627885155
abl_anchor_w3.0_s42_e13,2KWH,979,0.15,bot,146,75,0.5136986301369864,0.1491317671092952,3.4445956089322576
abl_anchor_w3.0_s42_e13,2KXD,1172,0.05,top,58,5,0.08620689655172414,0.04948805460750853,1.741973840665874
abl_anchor_w3.0_s42_e13,2KXD,1172,0.05,bot,58,26,0.4482758620689655,0.04948805460750853,9.058263971462544
abl_anchor_w3.0_s42_e13,2KXD,1172,0.1,top,117,24,0.20512820512820512,0.09982935153583618,2.054788516326978
abl_anchor_w3.0_s42_e13,2KXD,1172,0.1,bot,117,77,0.6581196581196581,0.09982935153583618,6.592446489882387
abl_anchor_w3.0_s42_e13,2KXD,1172,0.15,top,175,58,0.3314285714285714,0.1493174061433447,2.219624489795918
abl_anchor_w3.0_s42_e13,2KXD,1172,0.15,bot,175,123,0.7028571428571428,0.1493174061433447,4.707134693877551
abl_anchor_w3.0_s42_e13,2L33,1333,0.05,top,66,6,0.09090909090909091,0.04951237809452363,1.8360881542699725
abl_anchor_w3.0_s42_e13,2L33,1333,0.05,bot,66,34,0.5151515151515151,0.04951237809452363,10.404499540863178
abl_anchor_w3.0_s42_e13,2L33,1333,0.1,top,133,27,0.20300751879699247,0.09977494373593399,2.0346543049352706
abl_anchor_w3.0_s42_e13,2L33,1333,0.1,bot,133,87,0.6541353383458647,0.09977494373593399,6.556108315902538
abl_anchor_w3.0_s42_e13,2L33,1333,0.15,top,199,43,0.21608040201005024,0.14928732183045762,1.4474129441175727
abl_anchor_w3.0_s42_e13,2L33,1333,0.15,bot,199,146,0.7336683417085427,0.14928732183045762,4.914471856771293
abl_anchor_w3.0_s42_e13,2LQK,989,0.05,top,49,9,0.1836734693877551,0.04954499494438827,3.707205331112037
abl_anchor_w3.0_s42_e13,2LQK,989,0.05,bot,49,16,0.32653061224489793,0.04954499494438827,6.590587255310287
abl_anchor_w3.0_s42_e13,2LQK,989,0.1,top,98,32,0.32653061224489793,0.09908998988877654,3.2952936276551434
abl_anchor_w3.0_s42_e13,2LQK,989,0.1,bot,98,54,0.5510204081632653,0.09908998988877654,5.560807996668054
abl_anchor_w3.0_s42_e13,2LQK,989,0.15,top,148,58,0.3918918918918919,0.14964610717896865,2.618791088385683
abl_anchor_w3.0_s42_e13,2LQK,989,0.15,bot,148,93,0.6283783783783784,0.14964610717896865,4.199096055514975
abl_anchor_w3.0_s42_e13,2WXC,786,0.05,top,39,18,0.46153846153846156,0.04961832061068702,9.301775147928995
abl_anchor_w3.0_s42_e13,2WXC,786,0.05,bot,39,17,0.4358974358974359,0.04961832061068702,8.78500986193294
abl_anchor_w3.0_s42_e13,2WXC,786,0.1,top,78,27,0.34615384615384615,0.09923664122137404,3.4881656804733727
abl_anchor_w3.0_s42_e13,2WXC,786,0.1,bot,78,51,0.6538461538461539,0.09923664122137404,6.588757396449704
abl_anchor_w3.0_s42_e13,2WXC,786,0.15,top,117,41,0.3504273504273504,0.14885496183206107,2.354152969537585
abl_anchor_w3.0_s42_e13,2WXC,786,0.15,bot,117,87,0.7435897435897436,0.14885496183206107,4.995397764628534
abl_anchor_w3.0_s42_e13,3DKM,1238,0.05,top,61,4,0.06557377049180328,0.049273021001615507,1.3308250470303684
abl_anchor_w3.0_s42_e13,3DKM,1238,0.05,bot,61,27,0.4426229508196721,0.049273021001615507,8.983069067454986
abl_anchor_w3.0_s42_e13,3DKM,1238,0.1,top,123,35,0.2845528455284553,0.09935379644588045,2.864035957432745
abl_anchor_w3.0_s42_e13,3DKM,1238,0.1,bot,123,52,0.42276422764227645,0.09935379644588045,4.255139136757221
abl_anchor_w3.0_s42_e13,3DKM,1238,0.15,top,185,59,0.31891891891891894,0.1494345718901454,2.1341709276844414
abl_anchor_w3.0_s42_e13,3DKM,1238,0.15,bot,185,94,0.5081081081081081,0.1494345718901454,3.4002045288531777
abl_anchor_w3.0_s42_e13,4C26,1159,0.05,top,57,10,0.17543859649122806,0.04918032786885246,3.567251461988304
abl_anchor_w3.0_s42_e13,4C26,1159,0.05,bot,57,41,0.7192982456140351,0.04918032786885246,14.625730994152047
abl_anchor_w3.0_s42_e13,4C26,1159,0.1,top,115,26,0.22608695652173913,0.0992234685073339,2.278563327032136
abl_anchor_w3.0_s42_e13,4C26,1159,0.1,bot,115,78,0.6782608695652174,0.0992234685073339,6.835689981096408
abl_anchor_w3.0_s42_e13,4C26,1159,0.15,top,173,48,0.2774566473988439,0.14926660914581535,1.8587991580072838
abl_anchor_w3.0_s42_e13,4C26,1159,0.15,bot,173,110,0.6358381502890174,0.14926660914581535,4.259748070433359
abl_anchor_w3.0_s42_e13,6EWS,1035,0.05,top,51,18,0.35294117647058826,0.04927536231884058,7.162629757785467
abl_anchor_w3.0_s42_e13,6EWS,1035,0.05,bot,51,23,0.45098039215686275,0.04927536231884058,9.152249134948097
abl_anchor_w3.0_s42_e13,6EWS,1035,0.1,top,103,42,0.4077669902912621,0.09951690821256039,4.09746441700443
abl_anchor_w3.0_s42_e13,6EWS,1035,0.1,bot,103,62,0.6019417475728155,0.09951690821256039,6.048637948911301
abl_anchor_w3.0_s42_e13,6EWS,1035,0.15,top,155,66,0.4258064516129032,0.1497584541062802,2.8432882414151925
abl_anchor_w3.0_s42_e13,6EWS,1035,0.15,bot,155,110,0.7096774193548387,0.1497584541062802,4.738813735691988
abl_anchor_w3.0_s42_e13,6EWT,1024,0.05,top,51,11,0.21568627450980393,0.0498046875,4.330642060745867
abl_anchor_w3.0_s42_e13,6EWT,1024,0.05,bot,51,24,0.47058823529411764,0.0498046875,9.448673587081892
abl_anchor_w3.0_s42_e13,6EWT,1024,0.1,top,102,27,0.2647058823529412,0.099609375,2.657439446366782
abl_anchor_w3.0_s42_e13,6EWT,1024,0.1,bot,102,66,0.6470588235294118,0.099609375,6.495963091118801
abl_anchor_w3.0_s42_e13,6EWT,1024,0.15,top,153,48,0.3137254901960784,0.1494140625,2.0997052415737536
abl_anchor_w3.0_s42_e13,6EWT,1024,0.15,bot,153,104,0.6797385620915033,0.1494140625,4.549361356743133
abl_anchor_w3.0_s42_e13,6EWU,1009,0.05,top,50,23,0.46,0.049554013875123884,9.2828
abl_anchor_w3.0_s42_e13,6EWU,1009,0.05,bot,50,26,0.52,0.049554013875123884,10.4936
abl_anchor_w3.0_s42_e13,6EWU,1009,0.1,top,100,49,0.49,0.09910802775024777,4.9441
abl_anchor_w3.0_s42_e13,6EWU,1009,0.1,bot,100,65,0.65,0.09910802775024777,6.5585
abl_anchor_w3.0_s42_e13,6EWU,1009,0.15,top,151,73,0.48344370860927155,0.14965312190287414,3.2304284899785096
abl_anchor_w3.0_s42_e13,6EWU,1009,0.15,bot,151,102,0.6754966887417219,0.14965312190287414,4.513749396956274
abl_anchor_w3.0_s42_e13,HEEH_KT_rd6_0746,806,0.05,top,40,6,0.15,0.04962779156327544,3.0224999999999995
abl_anchor_w3.0_s42_e13,HEEH_KT_rd6_0746,806,0.05,bot,40,21,0.525,0.04962779156327544,10.57875
abl_anchor_w3.0_s42_e13,HEEH_KT_rd6_0746,806,0.1,top,80,20,0.25,0.09925558312655088,2.51875
abl_anchor_w3.0_s42_e13,HEEH_KT_rd6_0746,806,0.1,bot,80,51,0.6375,0.09925558312655088,6.422812499999999
abl_anchor_w3.0_s42_e13,HEEH_KT_rd6_0746,806,0.15,top,120,42,0.35,0.1488833746898263,2.3508333333333336
abl_anchor_w3.0_s42_e13,HEEH_KT_rd6_0746,806,0.15,bot,120,70,0.5833333333333334,0.1488833746898263,3.918055555555556
abl_anchor_w3.0_s42_e13,HEEH_KT_rd6_0793,795,0.05,top,39,4,0.10256410256410256,0.04905660377358491,2.0907297830374754
abl_anchor_w3.0_s42_e13,HEEH_KT_rd6_0793,795,0.05,bot,39,13,0.3333333333333333,0.04905660377358491,6.794871794871794
abl_anchor_w3.0_s42_e13,HEEH_KT_rd6_0793,795,0.1,top,79,17,0.21518987341772153,0.09937106918238994,2.165518346418843
abl_anchor_w3.0_s42_e13,HEEH_KT_rd6_0793,795,0.1,bot,79,41,0.5189873417721519,0.09937106918238994,5.22272071783368
abl_anchor_w3.0_s42_e13,HEEH_KT_rd6_0793,795,0.15,top,119,37,0.31092436974789917,0.14968553459119496,2.0771838147023516
abl_anchor_w3.0_s42_e13,HEEH_KT_rd6_0793,795,0.15,bot,119,56,0.47058823529411764,0.14968553459119496,3.143845773603559
abl_anchor_w3.0_s42_e13,HHH_rd1_0142,803,0.05,top,40,6,0.15,0.049813200498132,3.01125
abl_anchor_w3.0_s42_e13,HHH_rd1_0142,803,0.05,bot,40,26,0.65,0.049813200498132,13.048750000000002
abl_anchor_w3.0_s42_e13,HHH_rd1_0142,803,0.1,top,80,17,0.2125,0.099626400996264,2.13296875
abl_anchor_w3.0_s42_e13,HHH_rd1_0142,803,0.1,bot,80,62,0.775,0.099626400996264,7.7790625
abl_anchor_w3.0_s42_e13,HHH_rd1_0142,803,0.15,top,120,46,0.38333333333333336,0.149439601494396,2.5651388888888893
abl_anchor_w3.0_s42_e13,HHH_rd1_0142,803,0.15,bot,120,86,0.7166666666666667,0.149439601494396,4.795694444444445
abl_anchor_w3.0_s42_e13,HHH_rd1_0244,770,0.05,top,38,8,0.21052631578947367,0.04935064935064935,4.265927977839334
abl_anchor_w3.0_s42_e13,HHH_rd1_0244,770,0.05,bot,38,17,0.4473684210526316,0.04935064935064935,9.065096952908586
abl_anchor_w3.0_s42_e13,HHH_rd1_0244,770,0.1,top,77,25,0.3246753246753247,0.1,3.2467532467532467
abl_anchor_w3.0_s42_e13,HHH_rd1_0244,770,0.1,bot,77,48,0.6233766233766234,0.1,6.233766233766233
abl_anchor_w3.0_s42_e13,HHH_rd1_0244,770,0.15,top,115,51,0.4434782608695652,0.14935064935064934,2.9693761814744803
abl_anchor_w3.0_s42_e13,HHH_rd1_0244,770,0.15,bot,115,73,0.6347826086956522,0.14935064935064934,4.250283553875237
abl_anchor_w3.0_s42_e13,r11_1081_TrROS_Hall,897,0.05,top,44,3,0.06818181818181818,0.04905239687848383,1.389979338842975
abl_anchor_w3.0_s42_e13,r11_1081_TrROS_Hall,897,0.05,bot,44,26,0.5909090909090909,0.04905239687848383,12.046487603305787
abl_anchor_w3.0_s42_e13,r11_1081_TrROS_Hall,897,0.1,top,89,12,0.1348314606741573,0.09921962095875139,1.3589193283676304
abl_anchor_w3.0_s42_e13,r11_1081_TrROS_Hall,897,0.1,bot,89,62,0.6966292134831461,0.09921962095875139,7.0210831965660905
abl_anchor_w3.0_s42_e13,r11_1081_TrROS_Hall,897,0.15,top,134,32,0.23880597014925373,0.14938684503901895,1.5985742927155269
abl_anchor_w3.0_s42_e13,r11_1081_TrROS_Hall,897,0.15,bot,134,83,0.6194029850746269,0.14938684503901895,4.146302071730898
abl_anchor_w3.0_s42_e13,r12_757_TrROS_Hall,981,0.05,top,49,17,0.3469387755102041,0.04994903160040775,6.945855893377759
abl_anchor_w3.0_s42_e13,r12_757_TrROS_Hall,981,0.05,bot,49,17,0.3469387755102041,0.04994903160040775,6.945855893377759
abl_anchor_w3.0_s42_e13,r12_757_TrROS_Hall,981,0.1,top,98,43,0.4387755102040816,0.0998980632008155,4.392232403165347
abl_anchor_w3.0_s42_e13,r12_757_TrROS_Hall,981,0.1,bot,98,48,0.4897959183673469,0.0998980632008155,4.9029571012078295
abl_anchor_w3.0_s42_e13,r12_757_TrROS_Hall,981,0.15,top,147,68,0.46258503401360546,0.14984709480122324,3.087047063723449
abl_anchor_w3.0_s42_e13,r12_757_TrROS_Hall,981,0.15,bot,147,82,0.5578231292517006,0.14984709480122324,3.7226155768429816
abl_anchor_w3.0_s42_e13,r18_3_TrROS_Hall,989,0.05,top,49,4,0.08163265306122448,0.04954499494438827,1.6476468138275717
abl_anchor_w3.0_s42_e13,r18_3_TrROS_Hall,989,0.05,bot,49,18,0.3673469387755102,0.04954499494438827,7.414410662224074
abl_anchor_w3.0_s42_e13,r18_3_TrROS_Hall,989,0.1,top,98,19,0.19387755102040816,0.09908998988877654,1.9565805914202414
abl_anchor_w3.0_s42_e13,r18_3_TrROS_Hall,989,0.1,bot,98,58,0.5918367346938775,0.09908998988877654,5.972719700124948
abl_anchor_w3.0_s42_e13,r18_3_TrROS_Hall,989,0.15,top,148,47,0.31756756756756754,0.14964610717896865,2.1221238130021916
abl_anchor_w3.0_s42_e13,r18_3_TrROS_Hall,989,0.15,bot,148,94,0.6351351351351351,0.14964610717896865,4.244247626004383
abl_calib_ctrl_repro2_e14,1GYZ,1125,0.05,top,56,7,0.125,0.049777777777777775,2.5111607142857144
abl_calib_ctrl_repro2_e14,1GYZ,1125,0.05,bot,56,28,0.5,0.049777777777777775,10.044642857142858
abl_calib_ctrl_repro2_e14,1GYZ,1125,0.1,top,112,24,0.21428571428571427,0.09955555555555555,2.152423469387755
abl_calib_ctrl_repro2_e14,1GYZ,1125,0.1,bot,112,62,0.5535714285714286,0.09955555555555555,5.560427295918368
abl_calib_ctrl_repro2_e14,1GYZ,1125,0.15,top,168,47,0.27976190476190477,0.14933333333333335,1.8734056122448979
abl_calib_ctrl_repro2_e14,1GYZ,1125,0.15,bot,168,99,0.5892857142857143,0.14933333333333335,3.946109693877551
abl_calib_ctrl_repro2_e14,1PSE,1217,0.05,top,60,12,0.2,0.049301561216105176,4.056666666666667
abl_calib_ctrl_repro2_e14,1PSE,1217,0.05,bot,60,27,0.45,0.049301561216105176,9.1275
abl_calib_ctrl_repro2_e14,1PSE,1217,0.1,top,121,34,0.2809917355371901,0.09942481511914544,2.8261730756095895
abl_calib_ctrl_repro2_e14,1PSE,1217,0.1,bot,121,72,0.5950413223140496,0.09942481511914544,5.984837101290895
abl_calib_ctrl_repro2_e14,1PSE,1217,0.15,top,182,52,0.2857142857142857,0.1495480690221857,1.9105180533751962
abl_calib_ctrl_repro2_e14,1PSE,1217,0.15,bot,182,120,0.6593406593406593,0.1495480690221857,4.408887815481222
abl_calib_ctrl_repro2_e14,1QKH,1271,0.05,top,63,9,0.14285714285714285,0.04956726986624705,2.8820861678004532
abl_calib_ctrl_repro2_e14,1QKH,1271,0.05,bot,63,26,0.4126984126984127,0.04956726986624705,8.326026706979087
abl_calib_ctrl_repro2_e14,1QKH,1271,0.1,top,127,33,0.25984251968503935,0.0999213217938631,2.600471200942402
abl_calib_ctrl_repro2_e14,1QKH,1271,0.1,bot,127,52,0.4094488188976378,0.0999213217938631,4.097712195424391
abl_calib_ctrl_repro2_e14,1QKH,1271,0.15,top,190,64,0.3368421052631579,0.14948859166011014,2.2532963988919668
abl_calib_ctrl_repro2_e14,1QKH,1271,0.15,bot,190,85,0.4473684210526316,0.14948859166011014,2.9926592797783935
abl_calib_ctrl_repro2_e14,1QP2,1082,0.05,top,54,11,0.2037037037037037,0.04990757855822551,4.081618655692729
abl_calib_ctrl_repro2_e14,1QP2,1082,0.05,bot,54,21,0.3888888888888889,0.04990757855822551,7.792181069958848
abl_calib_ctrl_repro2_e14,1QP2,1082,0.1,top,108,36,0.3333333333333333,0.09981515711645102,3.339506172839506
abl_calib_ctrl_repro2_e14,1QP2,1082,0.1,bot,108,50,0.46296296296296297,0.09981515711645102,4.638203017832647
abl_calib_ctrl_repro2_e14,1QP2,1082,0.15,top,162,60,0.37037037037037035,0.14972273567467653,2.473708276177412
abl_calib_ctrl_repro2_e14,1QP2,1082,0.15,bot,162,90,0.5555555555555556,0.14972273567467653,3.7105624142661178
abl_calib_ctrl_repro2_e14,1TUC,1043,0.05,top,52,18,0.34615384615384615,0.04985618408437201,6.943047337278106
abl_calib_ctrl_repro2_e14,1TUC,1043,0.05,bot,52,29,0.5576923076923077,0.04985618408437201,11.186020710059172
abl_calib_ctrl_repro2_e14,1TUC,1043,0.1,top,104,38,0.36538461538461536,0.09971236816874401,3.6643860946745557
abl_calib_ctrl_repro2_e14,1TUC,1043,0.1,bot,104,60,0.5769230769230769,0.09971236816874401,5.785872781065088
abl_calib_ctrl_repro2_e14,1TUC,1043,0.15,top,156,65,0.4166666666666667,0.14956855225311602,2.7857905982905984
abl_calib_ctrl_repro2_e14,1TUC,1043,0.15,bot,156,107,0.6858974358974359,0.14956855225311602,4.585839907955292
abl_calib_ctrl_repro2_e14,1W4H,801,0.05,top,40,14,0.35,0.049937578027465665,7.00875
abl_calib_ctrl_repro2_e14,1W4H,801,0.05,bot,40,26,0.65,0.049937578027465665,13.016250000000001
abl_calib_ctrl_repro2_e14,1W4H,801,0.1,top,80,25,0.3125,0.09987515605493133,3.12890625
abl_calib_ctrl_repro2_e14,1W4H,801,0.1,bot,80,58,0.725,0.09987515605493133,7.259062500000001
abl_calib_ctrl_repro2_e14,1W4H,801,0.15,top,120,41,0.3416666666666667,0.149812734082397,2.280625
abl_calib_ctrl_repro2_e14,1W4H,801,0.15,bot,120,90,0.75,0.149812734082397,5.00625
abl_calib_ctrl_repro2_e14,2BTH,800,0.05,top,40,12,0.3,0.05,5.999999999999999
abl_calib_ctrl_repro2_e14,2BTH,800,0.05,bot,40,23,0.575,0.05,11.499999999999998
abl_calib_ctrl_repro2_e14,2BTH,800,0.1,top,80,29,0.3625,0.1,3.6249999999999996
abl_calib_ctrl_repro2_e14,2BTH,800,0.1,bot,80,54,0.675,0.1,6.75
abl_calib_ctrl_repro2_e14,2BTH,800,0.15,top,120,47,0.39166666666666666,0.15,2.611111111111111
abl_calib_ctrl_repro2_e14,2BTH,800,0.15,bot,120,91,0.7583333333333333,0.15,5.055555555555555
abl_calib_ctrl_repro2_e14,2K1B,933,0.05,top,46,20,0.43478260869565216,0.04930332261521972,8.818525519848771
abl_calib_ctrl_repro2_e14,2K1B,933,0.05,bot,46,22,0.4782608695652174,0.04930332261521972,9.700378071833649
abl_calib_ctrl_repro2_e14,2K1B,933,0.1,top,93,42,0.45161290322580644,0.09967845659163987,4.530697190426639
abl_calib_ctrl_repro2_e14,2K1B,933,0.1,bot,93,60,0.6451612903225806,0.09967845659163987,6.4724245577523405
abl_calib_ctrl_repro2_e14,2K1B,933,0.15,top,139,72,0.5179856115107914,0.1489817792068596,3.476838672946535
abl_calib_ctrl_repro2_e14,2K1B,933,0.15,bot,139,97,0.697841726618705,0.1489817792068596,4.684074323275193
abl_calib_ctrl_repro2_e14,2K28,919,0.05,top,45,15,0.3333333333333333,0.04896626768226333,6.807407407407407
abl_calib_ctrl_repro2_e14,2K28,919,0.05,bot,45,27,0.6,0.04896626768226333,12.253333333333332
abl_calib_ctrl_repro2_e14,2K28,919,0.1,top,91,36,0.3956043956043956,0.09902067464635474,3.9951696654993354
abl_calib_ctrl_repro2_e14,2K28,919,0.1,bot,91,56,0.6153846153846154,0.09902067464635474,6.214708368554523
abl_calib_ctrl_repro2_e14,2K28,919,0.15,top,137,64,0.46715328467153283,0.14907508161044614,3.1336778730886037
abl_calib_ctrl_repro2_e14,2K28,919,0.15,bot,137,95,0.6934306569343066,0.14907508161044614,4.651553092865896
abl_calib_ctrl_repro2_e14,2K5H,1124,0.05,top,56,11,0.19642857142857142,0.0498220640569395,3.9426020408163267
abl_calib_ctrl_repro2_e14,2K5H,1124,0.05,bot,56,28,0.5,0.0498220640569395,10.035714285714286
abl_calib_ctrl_repro2_e14,2K5H,1124,0.1,top,112,29,0.25892857142857145,0.099644128113879,2.5985331632653064
abl_calib_ctrl_repro2_e14,2K5H,1124,0.1,bot,112,81,0.7232142857142857,0.099644128113879,7.25797193877551
abl_calib_ctrl_repro2_e14,2K5H,1124,0.15,top,168,61,0.3630952380952381,0.1494661921708185,2.429280045351474
abl_calib_ctrl_repro2_e14,2K5H,1124,0.15,bot,168,125,0.7440476190476191,0.1494661921708185,4.978032879818595
abl_calib_ctrl_repro2_e14,2KVS,1206,0.05,top,60,5,0.08333333333333333,0.04975124378109453,1.6749999999999998
abl_calib_ctrl_repro2_e14,2KVS,1206,0.05,bot,60,12,0.2,0.04975124378109453,4.0200000000000005
abl_calib_ctrl_repro2_e14,2KVS,1206,0.1,top,120,18,0.15,0.09950248756218906,1.5074999999999998
abl_calib_ctrl_repro2_e14,2KVS,1206,0.1,bot,120,24,0.2,0.09950248756218906,2.0100000000000002
abl_calib_ctrl_repro2_e14,2KVS,1206,0.15,top,180,33,0.18333333333333332,0.14925373134328357,1.2283333333333333
abl_calib_ctrl_repro2_e14,2KVS,1206,0.15,bot,180,52,0.28888888888888886,0.14925373134328357,1.9355555555555555
abl_calib_ctrl_repro2_e14,2KWH,979,0.05,top,48,17,0.3541666666666667,0.049029622063329927,7.223524305555556
abl_calib_ctrl_repro2_e14,2KWH,979,0.05,bot,48,27,0.5625,0.049029622063329927,11.47265625
abl_calib_ctrl_repro2_e14,2KWH,979,0.1,top,97,43,0.44329896907216493,0.09908069458631256,4.474120522903602
abl_calib_ctrl_repro2_e14,2KWH,979,0.1,bot,97,72,0.7422680412371134,0.09908069458631256,7.491550643001382
abl_calib_ctrl_repro2_e14,2KWH,979,0.15,top,146,68,0.4657534246575342,0.1491317671092952,3.1231000187652462
abl_calib_ctrl_repro2_e14,2KWH,979,0.15,bot,146,109,0.7465753424657534,0.1491317671092952,5.00614561831488
abl_calib_ctrl_repro2_e14,2KXD,1172,0.05,top,58,3,0.05172413793103448,0.04948805460750853,1.0451843043995244
abl_calib_ctrl_repro2_e14,2KXD,1172,0.05,bot,58,34,0.5862068965517241,0.04948805460750853,11.845422116527942
abl_calib_ctrl_repro2_e14,2KXD,1172,0.1,top,117,22,0.18803418803418803,0.09982935153583618,1.8835561399663963
abl_calib_ctrl_repro2_e14,2KXD,1172,0.1,bot,117,75,0.6410256410256411,0.09982935153583618,6.421214113521806
abl_calib_ctrl_repro2_e14,2KXD,1172,0.15,top,175,50,0.2857142857142857,0.1493174061433447,1.913469387755102
abl_calib_ctrl_repro2_e14,2KXD,1172,0.15,bot,175,127,0.7257142857142858,0.1493174061433447,4.860212244897959
abl_calib_ctrl_repro2_e14,2L33,1333,0.05,top,66,8,0.12121212121212122,0.04951237809452363,2.4481175390266303
abl_calib_ctrl_repro2_e14,2L33,1333,0.05,bot,66,37,0.5606060606060606,0.04951237809452363,11.322543617998162
abl_calib_ctrl_repro2_e14,2L33,1333,0.1,top,133,32,0.24060150375939848,0.09977494373593399,2.4114421391825425
abl_calib_ctrl_repro2_e14,2L33,1333,0.1,bot,133,99,0.7443609022556391,0.09977494373593399,7.460399118095991
abl_calib_ctrl_repro2_e14,2L33,1333,0.15,top,199,56,0.2814070351758794,0.14928732183045762,1.8850029039670715
abl_calib_ctrl_repro2_e14,2L33,1333,0.15,bot,199,154,0.7738693467336684,0.14928732183045762,5.1837579859094465
abl_calib_ctrl_repro2_e14,2LQK,989,0.05,top,49,12,0.24489795918367346,0.04954499494438827,4.942940441482715
abl_calib_ctrl_repro2_e14,2LQK,989,0.05,bot,49,13,0.2653061224489796,0.04954499494438827,5.354852144939609
abl_calib_ctrl_repro2_e14,2LQK,989,0.1,top,98,32,0.32653061224489793,0.09908998988877654,3.2952936276551434
abl_calib_ctrl_repro2_e14,2LQK,989,0.1,bot,98,54,0.5510204081632653,0.09908998988877654,5.560807996668054
abl_calib_ctrl_repro2_e14,2LQK,989,0.15,top,148,64,0.43243243243243246,0.14964610717896865,2.8897005113221335
abl_calib_ctrl_repro2_e14,2LQK,989,0.15,bot,148,97,0.6554054054054054,0.14964610717896865,4.379702337472608
abl_calib_ctrl_repro2_e14,2WXC,786,0.05,top,39,17,0.4358974358974359,0.04961832061068702,8.78500986193294
abl_calib_ctrl_repro2_e14,2WXC,786,0.05,bot,39,22,0.5641025641025641,0.04961832061068702,11.368836291913215
abl_calib_ctrl_repro2_e14,2WXC,786,0.1,top,78,30,0.38461538461538464,0.09923664122137404,3.8757396449704147
abl_calib_ctrl_repro2_e14,2WXC,786,0.1,bot,78,58,0.7435897435897436,0.09923664122137404,7.493096646942801
abl_calib_ctrl_repro2_e14,2WXC,786,0.15,top,117,48,0.41025641025641024,0.14885496183206107,2.7560815253122946
abl_calib_ctrl_repro2_e14,2WXC,786,0.15,bot,117,94,0.8034188034188035,0.14885496183206107,5.397326320403244
abl_calib_ctrl_repro2_e14,3DKM,1238,0.05,top,61,9,0.14754098360655737,0.049273021001615507,2.9943563558183284
abl_calib_ctrl_repro2_e14,3DKM,1238,0.05,bot,61,28,0.45901639344262296,0.049273021001615507,9.315775329212578
abl_calib_ctrl_repro2_e14,3DKM,1238,0.1,top,123,43,0.34959349593495936,0.09935379644588045,3.518672747703087
abl_calib_ctrl_repro2_e14,3DKM,1238,0.1,bot,123,53,0.43089430894308944,0.09935379644588045,4.3369687355410145
abl_calib_ctrl_repro2_e14,3DKM,1238,0.15,top,185,76,0.41081081081081083,0.1494345718901454,2.749101533966399
abl_calib_ctrl_repro2_e14,3DKM,1238,0.15,bot,185,95,0.5135135135135135,0.1494345718901454,3.4363769174579986
abl_calib_ctrl_repro2_e14,4C26,1159,0.05,top,57,11,0.19298245614035087,0.04918032786885246,3.9239766081871346
abl_calib_ctrl_repro2_e14,4C26,1159,0.05,bot,57,41,0.7192982456140351,0.04918032786885246,14.625730994152047
abl_calib_ctrl_repro2_e14,4C26,1159,0.1,top,115,29,0.25217391304347825,0.0992234685073339,2.5414744801512286
abl_calib_ctrl_repro2_e14,4C26,1159,0.1,bot,115,85,0.7391304347826086,0.0992234685073339,7.449149338374291
abl_calib_ctrl_repro2_e14,4C26,1159,0.15,top,173,47,0.27167630057803466,0.14926660914581535,1.8200741755487988
abl_calib_ctrl_repro2_e14,4C26,1159,0.15,bot,173,130,0.7514450867052023,0.14926660914581535,5.03424771960306
abl_calib_ctrl_repro2_e14,6EWS,1035,0.05,top,51,23,0.45098039215686275,0.04927536231884058,9.152249134948097
abl_calib_ctrl_repro2_e14,6EWS,1035,0.05,bot,51,20,0.39215686274509803,0.04927536231884058,7.958477508650518
abl_calib_ctrl_repro2_e14,6EWS,1035,0.1,top,103,50,0.4854368932038835,0.09951690821256039,4.877933829767179
abl_calib_ctrl_repro2_e14,6EWS,1035,0.1,bot,103,66,0.6407766990291263,0.09951690821256039,6.438872655292676
abl_calib_ctrl_repro2_e14,6EWS,1035,0.15,top,155,75,0.4838709677419355,0.1497584541062802,3.231009365244537
abl_calib_ctrl_repro2_e14,6EWS,1035,0.15,bot,155,120,0.7741935483870968,0.1497584541062802,5.169614984391259
abl_calib_ctrl_repro2_e14,6EWT,1024,0.05,top,51,13,0.2549019607843137,0.0498046875,5.118031526336024
abl_calib_ctrl_repro2_e14,6EWT,1024,0.05,bot,51,30,0.5882352941176471,0.0498046875,11.810841983852365
abl_calib_ctrl_repro2_e14,6EWT,1024,0.1,top,102,33,0.3235294117647059,0.099609375,3.2479815455594006
abl_calib_ctrl_repro2_e14,6EWT,1024,0.1,bot,102,70,0.6862745098039216,0.099609375,6.889657823913879
abl_calib_ctrl_repro2_e14,6EWT,1024,0.15,top,153,56,0.3660130718954248,0.1494140625,2.449656115169379
abl_calib_ctrl_repro2_e14,6EWT,1024,0.15,bot,153,110,0.7189542483660131,0.1494140625,4.811824511939852
abl_calib_ctrl_repro2_e14,6EWU,1009,0.05,top,50,27,0.54,0.049554013875123884,10.897200000000002
abl_calib_ctrl_repro2_e14,6EWU,1009,0.05,bot,50,34,0.68,0.049554013875123884,13.722400000000002
abl_calib_ctrl_repro2_e14,6EWU,1009,0.1,top,100,54,0.54,0.09910802775024777,5.448600000000001
abl_calib_ctrl_repro2_e14,6EWU,1009,0.1,bot,100,70,0.7,0.09910802775024777,7.063
abl_calib_ctrl_repro2_e14,6EWU,1009,0.15,top,151,79,0.5231788079470199,0.14965312190287414,3.4959431603877023
abl_calib_ctrl_repro2_e14,6EWU,1009,0.15,bot,151,108,0.7152317880794702,0.14965312190287414,4.7792640673654665
abl_calib_ctrl_repro2_e14,HEEH_KT_rd6_0746,806,0.05,top,40,9,0.225,0.04962779156327544,4.5337499999999995
abl_calib_ctrl_repro2_e14,HEEH_KT_rd6_0746,806,0.05,bot,40,21,0.525,0.04962779156327544,10.57875
abl_calib_ctrl_repro2_e14,HEEH_KT_rd6_0746,806,0.1,top,80,32,0.4,0.09925558312655088,4.03
abl_calib_ctrl_repro2_e14,HEEH_KT_rd6_0746,806,0.1,bot,80,48,0.6,0.09925558312655088,6.044999999999999
abl_calib_ctrl_repro2_e14,HEEH_KT_rd6_0746,806,0.15,top,120,54,0.45,0.1488833746898263,3.0225000000000004
abl_calib_ctrl_repro2_e14,HEEH_KT_rd6_0746,806,0.15,bot,120,79,0.6583333333333333,0.1488833746898263,4.421805555555556
abl_calib_ctrl_repro2_e14,HEEH_KT_rd6_0793,795,0.05,top,39,6,0.15384615384615385,0.04905660377358491,3.136094674556213
abl_calib_ctrl_repro2_e14,HEEH_KT_rd6_0793,795,0.05,bot,39,7,0.1794871794871795,0.04905660377358491,3.6587771203155817
abl_calib_ctrl_repro2_e14,HEEH_KT_rd6_0793,795,0.1,top,79,14,0.17721518987341772,0.09937106918238994,1.7833680499919884
abl_calib_ctrl_repro2_e14,HEEH_KT_rd6_0793,795,0.1,bot,79,26,0.3291139240506329,0.09937106918238994,3.3119692356994066
abl_calib_ctrl_repro2_e14,HEEH_KT_rd6_0793,795,0.15,top,119,33,0.2773109243697479,0.14968553459119496,1.8526234023020975
abl_calib_ctrl_repro2_e14,HEEH_KT_rd6_0793,795,0.15,bot,119,39,0.3277310924369748,0.14968553459119496,2.189464020902479
abl_calib_ctrl_repro2_e14,HHH_rd1_0142,803,0.05,top,40,7,0.175,0.049813200498132,3.513125
abl_calib_ctrl_repro2_e14,HHH_rd1_0142,803,0.05,bot,40,27,0.675,0.049813200498132,13.550625000000002
abl_calib_ctrl_repro2_e14,HHH_rd1_0142,803,0.1,top,80,23,0.2875,0.099626400996264,2.88578125
abl_calib_ctrl_repro2_e14,HHH_rd1_0142,803,0.1,bot,80,62,0.775,0.099626400996264,7.7790625
abl_calib_ctrl_repro2_e14,HHH_rd1_0142,803,0.15,top,120,53,0.44166666666666665,0.149439601494396,2.9554861111111115
abl_calib_ctrl_repro2_e14,HHH_rd1_0142,803,0.15,bot,120,91,0.7583333333333333,0.149439601494396,5.074513888888889
abl_calib_ctrl_repro2_e14,HHH_rd1_0244,770,0.05,top,38,7,0.18421052631578946,0.04935064935064935,3.732686980609418
abl_calib_ctrl_repro2_e14,HHH_rd1_0244,770,0.05,bot,38,25,0.6578947368421053,0.04935064935064935,13.331024930747922
abl_calib_ctrl_repro2_e14,HHH_rd1_0244,770,0.1,top,77,28,0.36363636363636365,0.1,3.6363636363636362
abl_calib_ctrl_repro2_e14,HHH_rd1_0244,770,0.1,bot,77,56,0.7272727272727273,0.1,7.2727272727272725
abl_calib_ctrl_repro2_e14,HHH_rd1_0244,770,0.15,top,115,59,0.5130434782608696,0.14935064935064934,3.435160680529301
abl_calib_ctrl_repro2_e14,HHH_rd1_0244,770,0.15,bot,115,82,0.7130434782608696,0.14935064935064934,4.774291115311909
abl_calib_ctrl_repro2_e14,r11_1081_TrROS_Hall,897,0.05,top,44,6,0.13636363636363635,0.04905239687848383,2.77995867768595
abl_calib_ctrl_repro2_e14,r11_1081_TrROS_Hall,897,0.05,bot,44,35,0.7954545454545454,0.04905239687848383,16.216425619834713
abl_calib_ctrl_repro2_e14,r11_1081_TrROS_Hall,897,0.1,top,89,21,0.23595505617977527,0.09921962095875139,2.3781088246433533
abl_calib_ctrl_repro2_e14,r11_1081_TrROS_Hall,897,0.1,bot,89,66,0.7415730337078652,0.09921962095875139,7.474056306021968
abl_calib_ctrl_repro2_e14,r11_1081_TrROS_Hall,897,0.15,top,134,49,0.3656716417910448,0.14938684503901895,2.4478168857206506
abl_calib_ctrl_repro2_e14,r11_1081_TrROS_Hall,897,0.15,bot,134,96,0.7164179104477612,0.14938684503901895,4.795722878146581
abl_calib_ctrl_repro2_e14,r12_757_TrROS_Hall,981,0.05,top,49,24,0.4897959183673469,0.04994903160040775,9.805914202415659
abl_calib_ctrl_repro2_e14,r12_757_TrROS_Hall,981,0.05,bot,49,19,0.3877551020408163,0.04994903160040775,7.76301541024573
abl_calib_ctrl_repro2_e14,r12_757_TrROS_Hall,981,0.1,top,98,47,0.47959183673469385,0.0998980632008155,4.8008121615993335
abl_calib_ctrl_repro2_e14,r12_757_TrROS_Hall,981,0.1,bot,98,57,0.5816326530612245,0.0998980632008155,5.822261557684298
abl_calib_ctrl_repro2_e14,r12_757_TrROS_Hall,981,0.15,top,147,71,0.48299319727891155,0.14984709480122324,3.223240316534777
abl_calib_ctrl_repro2_e14,r12_757_TrROS_Hall,981,0.15,bot,147,97,0.6598639455782312,0.14984709480122324,4.403581840899625
abl_calib_ctrl_repro2_e14,r18_3_TrROS_Hall,989,0.05,top,49,3,0.061224489795918366,0.04954499494438827,1.2357351103706788
abl_calib_ctrl_repro2_e14,r18_3_TrROS_Hall,989,0.05,bot,49,33,0.673469387755102,0.04954499494438827,13.593086214077466
abl_calib_ctrl_repro2_e14,r18_3_TrROS_Hall,989,0.1,top,98,17,0.17346938775510204,0.09908998988877654,1.750624739691795
abl_calib_ctrl_repro2_e14,r18_3_TrROS_Hall,989,0.1,bot,98,72,0.7346938775510204,0.09908998988877654,7.414410662224074
abl_calib_ctrl_repro2_e14,r18_3_TrROS_Hall,989,0.15,top,148,41,0.27702702702702703,0.14964610717896865,1.8512143900657416
abl_calib_ctrl_repro2_e14,r18_3_TrROS_Hall,989,0.15,bot,148,115,0.777027027027027,0.14964610717896865,5.192430606281958
abl_p3_slope3.0_s42_e8,1GYZ,1125,0.05,top,56,3,0.05357142857142857,0.049777777777777775,1.0762117346938775
abl_p3_slope3.0_s42_e8,1GYZ,1125,0.05,bot,56,28,0.5,0.049777777777777775,10.044642857142858
abl_p3_slope3.0_s42_e8,1GYZ,1125,0.1,top,112,20,0.17857142857142858,0.09955555555555555,1.793686224489796
abl_p3_slope3.0_s42_e8,1GYZ,1125,0.1,bot,112,62,0.5535714285714286,0.09955555555555555,5.560427295918368
abl_p3_slope3.0_s42_e8,1GYZ,1125,0.15,top,168,37,0.22023809523809523,0.14933333333333335,1.4748086734693875
abl_p3_slope3.0_s42_e8,1GYZ,1125,0.15,bot,168,99,0.5892857142857143,0.14933333333333335,3.946109693877551
abl_p3_slope3.0_s42_e8,1PSE,1217,0.05,top,60,10,0.16666666666666666,0.049301561216105176,3.3805555555555555
abl_p3_slope3.0_s42_e8,1PSE,1217,0.05,bot,60,28,0.4666666666666667,0.049301561216105176,9.465555555555556
abl_p3_slope3.0_s42_e8,1PSE,1217,0.1,top,121,29,0.2396694214876033,0.09942481511914544,2.410559388019944
abl_p3_slope3.0_s42_e8,1PSE,1217,0.1,bot,121,73,0.6033057851239669,0.09942481511914544,6.067959838808824
abl_p3_slope3.0_s42_e8,1PSE,1217,0.15,top,182,53,0.29120879120879123,0.1495480690221857,1.9472587851708731
abl_p3_slope3.0_s42_e8,1PSE,1217,0.15,bot,182,121,0.6648351648351648,0.1495480690221857,4.445628547276899
abl_p3_slope3.0_s42_e8,1QKH,1271,0.05,top,63,4,0.06349206349206349,0.04956726986624705,1.2809271856890903
abl_p3_slope3.0_s42_e8,1QKH,1271,0.05,bot,63,26,0.4126984126984127,0.04956726986624705,8.326026706979087
abl_p3_slope3.0_s42_e8,1QKH,1271,0.1,top,127,17,0.13385826771653545,0.0999213217938631,1.3396366792733587
abl_p3_slope3.0_s42_e8,1QKH,1271,0.1,bot,127,58,0.4566929133858268,0.0999213217938631,4.5705251410502825
abl_p3_slope3.0_s42_e8,1QKH,1271,0.15,top,190,53,0.2789473684210526,0.14948859166011014,1.86601108033241
abl_p3_slope3.0_s42_e8,1QKH,1271,0.15,bot,190,88,0.4631578947368421,0.14948859166011014,3.0982825484764547
abl_p3_slope3.0_s42_e8,1QP2,1082,0.05,top,54,12,0.2222222222222222,0.04990757855822551,4.4526748971193415
abl_p3_slope3.0_s42_e8,1QP2,1082,0.05,bot,54,22,0.4074074074074074,0.04990757855822551,8.163237311385458
abl_p3_slope3.0_s42_e8,1QP2,1082,0.1,top,108,34,0.3148148148148148,0.09981515711645102,3.1539780521262
abl_p3_slope3.0_s42_e8,1QP2,1082,0.1,bot,108,50,0.46296296296296297,0.09981515711645102,4.638203017832647
abl_p3_slope3.0_s42_e8,1QP2,1082,0.15,top,162,61,0.3765432098765432,0.14972273567467653,2.5149367474470354
abl_p3_slope3.0_s42_e8,1QP2,1082,0.15,bot,162,90,0.5555555555555556,0.14972273567467653,3.7105624142661178
abl_p3_slope3.0_s42_e8,1TUC,1043,0.05,top,52,15,0.28846153846153844,0.04985618408437201,5.785872781065088
abl_p3_slope3.0_s42_e8,1TUC,1043,0.05,bot,52,30,0.5769230769230769,0.04985618408437201,11.571745562130175
abl_p3_slope3.0_s42_e8,1TUC,1043,0.1,top,104,39,0.375,0.09971236816874401,3.7608173076923075
abl_p3_slope3.0_s42_e8,1TUC,1043,0.1,bot,104,61,0.5865384615384616,0.09971236816874401,5.88230399408284
abl_p3_slope3.0_s42_e8,1TUC,1043,0.15,top,156,63,0.40384615384615385,0.14956855225311602,2.7000739644970415
abl_p3_slope3.0_s42_e8,1TUC,1043,0.15,bot,156,97,0.6217948717948718,0.14956855225311602,4.157256738987508
abl_p3_slope3.0_s42_e8,1W4H,801,0.05,top,40,15,0.375,0.049937578027465665,7.509375
abl_p3_slope3.0_s42_e8,1W4H,801,0.05,bot,40,27,0.675,0.049937578027465665,13.516875000000002
abl_p3_slope3.0_s42_e8,1W4H,801,0.1,top,80,27,0.3375,0.09987515605493133,3.3792187500000006
abl_p3_slope3.0_s42_e8,1W4H,801,0.1,bot,80,58,0.725,0.09987515605493133,7.259062500000001
abl_p3_slope3.0_s42_e8,1W4H,801,0.15,top,120,44,0.36666666666666664,0.149812734082397,2.4475
abl_p3_slope3.0_s42_e8,1W4H,801,0.15,bot,120,89,0.7416666666666667,0.149812734082397,4.950625
abl_p3_slope3.0_s42_e8,2BTH,800,0.05,top,40,14,0.35,0.05,6.999999999999999
abl_p3_slope3.0_s42_e8,2BTH,800,0.05,bot,40,18,0.45,0.05,9.0
abl_p3_slope3.0_s42_e8,2BTH,800,0.1,top,80,34,0.425,0.1,4.25
abl_p3_slope3.0_s42_e8,2BTH,800,0.1,bot,80,48,0.6,0.1,5.999999999999999
abl_p3_slope3.0_s42_e8,2BTH,800,0.15,top,120,52,0.43333333333333335,0.15,2.8888888888888893
abl_p3_slope3.0_s42_e8,2BTH,800,0.15,bot,120,83,0.6916666666666667,0.15,4.611111111111112
abl_p3_slope3.0_s42_e8,2K1B,933,0.05,top,46,20,0.43478260869565216,0.04930332261521972,8.818525519848771
abl_p3_slope3.0_s42_e8,2K1B,933,0.05,bot,46,20,0.43478260869565216,0.04930332261521972,8.818525519848771
abl_p3_slope3.0_s42_e8,2K1B,933,0.1,top,93,43,0.46236559139784944,0.09967845659163987,4.638570933055845
abl_p3_slope3.0_s42_e8,2K1B,933,0.1,bot,93,63,0.6774193548387096,0.09967845659163987,6.796045785639958
abl_p3_slope3.0_s42_e8,2K1B,933,0.15,top,139,71,0.5107913669064749,0.1489817792068596,3.4285492469333887
abl_p3_slope3.0_s42_e8,2K1B,933,0.15,bot,139,98,0.7050359712230215,0.1489817792068596,4.732363749288338
abl_p3_slope3.0_s42_e8,2K28,919,0.05,top,45,13,0.28888888888888886,0.04896626768226333,5.899753086419753
abl_p3_slope3.0_s42_e8,2K28,919,0.05,bot,45,24,0.5333333333333333,0.04896626768226333,10.891851851851852
abl_p3_slope3.0_s42_e8,2K28,919,0.1,top,91,33,0.3626373626373626,0.09902067464635474,3.662238860041058
abl_p3_slope3.0_s42_e8,2K28,919,0.1,bot,91,49,0.5384615384615384,0.09902067464635474,5.437869822485206
abl_p3_slope3.0_s42_e8,2K28,919,0.15,top,137,57,0.41605839416058393,0.14907508161044614,2.7909318557195375
abl_p3_slope3.0_s42_e8,2K28,919,0.15,bot,137,92,0.6715328467153284,0.14907508161044614,4.5046619425648675
abl_p3_slope3.0_s42_e8,2K5H,1124,0.05,top,56,8,0.14285714285714285,0.0498220640569395,2.86734693877551
abl_p3_slope3.0_s42_e8,2K5H,1124,0.05,bot,56,22,0.39285714285714285,0.0498220640569395,7.885204081632653
abl_p3_slope3.0_s42_e8,2K5H,1124,0.1,top,112,29,0.25892857142857145,0.099644128113879,2.5985331632653064
abl_p3_slope3.0_s42_e8,2K5H,1124,0.1,bot,112,80,0.7142857142857143,0.099644128113879,7.168367346938775
abl_p3_slope3.0_s42_e8,2K5H,1124,0.15,top,168,60,0.35714285714285715,0.1494661921708185,2.3894557823129254
abl_p3_slope3.0_s42_e8,2K5H,1124,0.15,bot,168,126,0.75,0.1494661921708185,5.017857142857143
abl_p3_slope3.0_s42_e8,2KVS,1206,0.05,top,60,6,0.1,0.04975124378109453,2.0100000000000002
abl_p3_slope3.0_s42_e8,2KVS,1206,0.05,bot,60,16,0.26666666666666666,0.04975124378109453,5.359999999999999
abl_p3_slope3.0_s42_e8,2KVS,1206,0.1,top,120,20,0.16666666666666666,0.09950248756218906,1.6749999999999998
abl_p3_slope3.0_s42_e8,2KVS,1206,0.1,bot,120,34,0.2833333333333333,0.09950248756218906,2.8474999999999997
abl_p3_slope3.0_s42_e8,2KVS,1206,0.15,top,180,36,0.2,0.14925373134328357,1.3400000000000003
abl_p3_slope3.0_s42_e8,2KVS,1206,0.15,bot,180,61,0.3388888888888889,0.14925373134328357,2.2705555555555557
abl_p3_slope3.0_s42_e8,2KWH,979,0.05,top,48,20,0.4166666666666667,0.049029622063329927,8.49826388888889
abl_p3_slope3.0_s42_e8,2KWH,979,0.05,bot,48,27,0.5625,0.049029622063329927,11.47265625
abl_p3_slope3.0_s42_e8,2KWH,979,0.1,top,97,43,0.44329896907216493,0.09908069458631256,4.474120522903602
abl_p3_slope3.0_s42_e8,2KWH,979,0.1,bot,97,69,0.711340206185567,0.09908069458631256,7.179402699542991
abl_p3_slope3.0_s42_e8,2KWH,979,0.15,top,146,74,0.5068493150684932,0.1491317671092952,3.3986676674798275
abl_p3_slope3.0_s42_e8,2KWH,979,0.15,bot,146,107,0.7328767123287672,0.1491317671092952,4.91428973541002
abl_p3_slope3.0_s42_e8,2KXD,1172,0.05,top,58,6,0.10344827586206896,0.04948805460750853,2.0903686087990487
abl_p3_slope3.0_s42_e8,2KXD,1172,0.05,bot,58,34,0.5862068965517241,0.04948805460750853,11.845422116527942
abl_p3_slope3.0_s42_e8,2KXD,1172,0.1,top,117,20,0.17094017094017094,0.09982935153583618,1.7123237636058148
abl_p3_slope3.0_s42_e8,2KXD,1172,0.1,bot,117,85,0.7264957264957265,0.09982935153583618,7.277375995324713
abl_p3_slope3.0_s42_e8,2KXD,1172,0.15,top,175,44,0.25142857142857145,0.1493174061433447,1.68385306122449
abl_p3_slope3.0_s42_e8,2KXD,1172,0.15,bot,175,130,0.7428571428571429,0.1493174061433447,4.975020408163266
abl_p3_slope3.0_s42_e8,2L33,1333,0.05,top,66,12,0.18181818181818182,0.04951237809452363,3.672176308539945
abl_p3_slope3.0_s42_e8,2L33,1333,0.05,bot,66,43,0.6515151515151515,0.04951237809452363,13.158631772268135
abl_p3_slope3.0_s42_e8,2L33,1333,0.1,top,133,33,0.24812030075187969,0.09977494373593399,2.4867997060319973
abl_p3_slope3.0_s42_e8,2L33,1333,0.1,bot,133,101,0.7593984962406015,0.09977494373593399,7.611114251794901
abl_p3_slope3.0_s42_e8,2L33,1333,0.15,top,199,66,0.3316582914572864,0.14928732183045762,2.2216105653897626
abl_p3_slope3.0_s42_e8,2L33,1333,0.15,bot,199,162,0.8140703517587939,0.14928732183045762,5.453044115047599
abl_p3_slope3.0_s42_e8,2LQK,989,0.05,top,49,10,0.20408163265306123,0.04954499494438827,4.11911703456893
abl_p3_slope3.0_s42_e8,2LQK,989,0.05,bot,49,9,0.1836734693877551,0.04954499494438827,3.707205331112037
abl_p3_slope3.0_s42_e8,2LQK,989,0.1,top,98,35,0.35714285714285715,0.09908998988877654,3.6042274052478134
abl_p3_slope3.0_s42_e8,2LQK,989,0.1,bot,98,52,0.5306122448979592,0.09908998988877654,5.354852144939609
abl_p3_slope3.0_s42_e8,2LQK,989,0.15,top,148,69,0.46621621621621623,0.14964610717896865,3.115458363769175
abl_p3_slope3.0_s42_e8,2LQK,989,0.15,bot,148,90,0.6081081081081081,0.14964610717896865,4.06364134404675
abl_p3_slope3.0_s42_e8,2WXC,786,0.05,top,39,15,0.38461538461538464,0.04961832061068702,7.751479289940829
abl_p3_slope3.0_s42_e8,2WXC,786,0.05,bot,39,21,0.5384615384615384,0.04961832061068702,10.852071005917159
abl_p3_slope3.0_s42_e8,2WXC,786,0.1,top,78,28,0.358974358974359,0.09923664122137404,3.617357001972387
abl_p3_slope3.0_s42_e8,2WXC,786,0.1,bot,78,61,0.782051282051282,0.09923664122137404,7.880670611439842
abl_p3_slope3.0_s42_e8,2WXC,786,0.15,top,117,45,0.38461538461538464,0.14885496183206107,2.5838264299802765
abl_p3_slope3.0_s42_e8,2WXC,786,0.15,bot,117,94,0.8034188034188035,0.14885496183206107,5.397326320403244
abl_p3_slope3.0_s42_e8,3DKM,1238,0.05,top,61,9,0.14754098360655737,0.049273021001615507,2.9943563558183284
abl_p3_slope3.0_s42_e8,3DKM,1238,0.05,bot,61,28,0.45901639344262296,0.049273021001615507,9.315775329212578
abl_p3_slope3.0_s42_e8,3DKM,1238,0.1,top,123,46,0.37398373983739835,0.09935379644588045,3.7641615440544647
abl_p3_slope3.0_s42_e8,3DKM,1238,0.1,bot,123,53,0.43089430894308944,0.09935379644588045,4.3369687355410145
abl_p3_slope3.0_s42_e8,3DKM,1238,0.15,top,185,83,0.4486486486486487,0.1494345718901454,3.0023082542001465
abl_p3_slope3.0_s42_e8,3DKM,1238,0.15,bot,185,94,0.5081081081081081,0.1494345718901454,3.4002045288531777
abl_p3_slope3.0_s42_e8,4C26,1159,0.05,top,57,11,0.19298245614035087,0.04918032786885246,3.9239766081871346
abl_p3_slope3.0_s42_e8,4C26,1159,0.05,bot,57,39,0.6842105263157895,0.04918032786885246,13.912280701754387
abl_p3_slope3.0_s42_e8,4C26,1159,0.1,top,115,25,0.21739130434782608,0.0992234685073339,2.1909262759924384
abl_p3_slope3.0_s42_e8,4C26,1159,0.1,bot,115,82,0.7130434782608696,0.0992234685073339,7.186238185255198
abl_p3_slope3.0_s42_e8,4C26,1159,0.15,top,173,47,0.27167630057803466,0.14926660914581535,1.8200741755487988
abl_p3_slope3.0_s42_e8,4C26,1159,0.15,bot,173,121,0.6994219653179191,0.14926660914581535,4.685722877476695
abl_p3_slope3.0_s42_e8,6EWS,1035,0.05,top,51,26,0.5098039215686274,0.04927536231884058,10.346020761245674
abl_p3_slope3.0_s42_e8,6EWS,1035,0.05,bot,51,22,0.43137254901960786,0.04927536231884058,8.754325259515571
abl_p3_slope3.0_s42_e8,6EWS,1035,0.1,top,103,51,0.49514563106796117,0.09951690821256039,4.975492506362523
abl_p3_slope3.0_s42_e8,6EWS,1035,0.1,bot,103,71,0.6893203883495146,0.09951690821256039,6.926666038269394
abl_p3_slope3.0_s42_e8,6EWS,1035,0.15,top,155,76,0.49032258064516127,0.1497584541062802,3.274089490114464
abl_p3_slope3.0_s42_e8,6EWS,1035,0.15,bot,155,122,0.7870967741935484,0.1497584541062802,5.2557752341311135
abl_p3_slope3.0_s42_e8,6EWT,1024,0.05,top,51,12,0.23529411764705882,0.0498046875,4.724336793540946
abl_p3_slope3.0_s42_e8,6EWT,1024,0.05,bot,51,33,0.6470588235294118,0.0498046875,12.991926182237602
abl_p3_slope3.0_s42_e8,6EWT,1024,0.1,top,102,37,0.3627450980392157,0.099609375,3.641676278354479
abl_p3_slope3.0_s42_e8,6EWT,1024,0.1,bot,102,74,0.7254901960784313,0.099609375,7.283352556708958
abl_p3_slope3.0_s42_e8,6EWT,1024,0.15,top,153,57,0.37254901960784315,0.1494140625,2.4933999743688324
abl_p3_slope3.0_s42_e8,6EWT,1024,0.15,bot,153,111,0.7254901960784313,0.1494140625,4.855568371139305
abl_p3_slope3.0_s42_e8,6EWU,1009,0.05,top,50,25,0.5,0.049554013875123884,10.09
abl_p3_slope3.0_s42_e8,6EWU,1009,0.05,bot,50,33,0.66,0.049554013875123884,13.318800000000001
abl_p3_slope3.0_s42_e8,6EWU,1009,0.1,top,100,54,0.54,0.09910802775024777,5.448600000000001
abl_p3_slope3.0_s42_e8,6EWU,1009,0.1,bot,100,68,0.68,0.09910802775024777,6.861200000000001
abl_p3_slope3.0_s42_e8,6EWU,1009,0.15,top,151,78,0.5165562913907285,0.14965312190287414,3.4516907153195033
abl_p3_slope3.0_s42_e8,6EWU,1009,0.15,bot,151,104,0.6887417218543046,0.14965312190287414,4.602254287092671
abl_p3_slope3.0_s42_e8,HEEH_KT_rd6_0746,806,0.05,top,40,8,0.2,0.04962779156327544,4.03
abl_p3_slope3.0_s42_e8,HEEH_KT_rd6_0746,806,0.05,bot,40,19,0.475,0.04962779156327544,9.57125
abl_p3_slope3.0_s42_e8,HEEH_KT_rd6_0746,806,0.1,top,80,23,0.2875,0.09925558312655088,2.8965624999999995
abl_p3_slope3.0_s42_e8,HEEH_KT_rd6_0746,806,0.1,bot,80,42,0.525,0.09925558312655088,5.289375
abl_p3_slope3.0_s42_e8,HEEH_KT_rd6_0746,806,0.15,top,120,43,0.35833333333333334,0.1488833746898263,2.4068055555555556
abl_p3_slope3.0_s42_e8,HEEH_KT_rd6_0746,806,0.15,bot,120,60,0.5,0.1488833746898263,3.3583333333333334
abl_p3_slope3.0_s42_e8,HEEH_KT_rd6_0793,795,0.05,top,39,4,0.10256410256410256,0.04905660377358491,2.0907297830374754
abl_p3_slope3.0_s42_e8,HEEH_KT_rd6_0793,795,0.05,bot,39,12,0.3076923076923077,0.04905660377358491,6.272189349112426
abl_p3_slope3.0_s42_e8,HEEH_KT_rd6_0793,795,0.1,top,79,14,0.17721518987341772,0.09937106918238994,1.7833680499919884
abl_p3_slope3.0_s42_e8,HEEH_KT_rd6_0793,795,0.1,bot,79,39,0.4936708860759494,0.09937106918238994,4.967953853549111
abl_p3_slope3.0_s42_e8,HEEH_KT_rd6_0793,795,0.15,top,119,30,0.25210084033613445,0.14968553459119496,1.6842030930019067
abl_p3_slope3.0_s42_e8,HEEH_KT_rd6_0793,795,0.15,bot,119,58,0.48739495798319327,0.14968553459119496,3.256125979803686
abl_p3_slope3.0_s42_e8,HHH_rd1_0142,803,0.05,top,40,5,0.125,0.049813200498132,2.509375
abl_p3_slope3.0_s42_e8,HHH_rd1_0142,803,0.05,bot,40,26,0.65,0.049813200498132,13.048750000000002
abl_p3_slope3.0_s42_e8,HHH_rd1_0142,803,0.1,top,80,20,0.25,0.099626400996264,2.509375
abl_p3_slope3.0_s42_e8,HHH_rd1_0142,803,0.1,bot,80,60,0.75,0.099626400996264,7.528125
abl_p3_slope3.0_s42_e8,HHH_rd1_0142,803,0.15,top,120,48,0.4,0.149439601494396,2.676666666666667
abl_p3_slope3.0_s42_e8,HHH_rd1_0142,803,0.15,bot,120,90,0.75,0.149439601494396,5.018750000000001
abl_p3_slope3.0_s42_e8,HHH_rd1_0244,770,0.05,top,38,10,0.2631578947368421,0.04935064935064935,5.3324099722991685
abl_p3_slope3.0_s42_e8,HHH_rd1_0244,770,0.05,bot,38,22,0.5789473684210527,0.04935064935064935,11.731301939058172
abl_p3_slope3.0_s42_e8,HHH_rd1_0244,770,0.1,top,77,27,0.35064935064935066,0.1,3.5064935064935066
abl_p3_slope3.0_s42_e8,HHH_rd1_0244,770,0.1,bot,77,56,0.7272727272727273,0.1,7.2727272727272725
abl_p3_slope3.0_s42_e8,HHH_rd1_0244,770,0.15,top,115,53,0.4608695652173913,0.14935064935064934,3.0858223062381853
abl_p3_slope3.0_s42_e8,HHH_rd1_0244,770,0.15,bot,115,83,0.7217391304347827,0.14935064935064934,4.832514177693763
abl_p3_slope3.0_s42_e8,r11_1081_TrROS_Hall,897,0.05,top,44,5,0.11363636363636363,0.04905239687848383,2.3166322314049586
abl_p3_slope3.0_s42_e8,r11_1081_TrROS_Hall,897,0.05,bot,44,33,0.75,0.04905239687848383,15.289772727272728
abl_p3_slope3.0_s42_e8,r11_1081_TrROS_Hall,897,0.1,top,89,21,0.23595505617977527,0.09921962095875139,2.3781088246433533
abl_p3_slope3.0_s42_e8,r11_1081_TrROS_Hall,897,0.1,bot,89,64,0.7191011235955056,0.09921962095875139,7.247569751294028
abl_p3_slope3.0_s42_e8,r11_1081_TrROS_Hall,897,0.15,top,134,44,0.3283582089552239,0.14938684503901895,2.1980396524838497
abl_p3_slope3.0_s42_e8,r11_1081_TrROS_Hall,897,0.15,bot,134,94,0.7014925373134329,0.14938684503901895,4.6958119848518605
abl_p3_slope3.0_s42_e8,r12_757_TrROS_Hall,981,0.05,top,49,22,0.4489795918367347,0.04994903160040775,8.988754685547688
abl_p3_slope3.0_s42_e8,r12_757_TrROS_Hall,981,0.05,bot,49,20,0.40816326530612246,0.04994903160040775,8.171595168679717
abl_p3_slope3.0_s42_e8,r12_757_TrROS_Hall,981,0.1,top,98,50,0.5102040816326531,0.0998980632008155,5.107246980424823
abl_p3_slope3.0_s42_e8,r12_757_TrROS_Hall,981,0.1,bot,98,60,0.6122448979591837,0.0998980632008155,6.1286963765097875
abl_p3_slope3.0_s42_e8,r12_757_TrROS_Hall,981,0.15,top,147,70,0.47619047619047616,0.14984709480122324,3.1778425655976674
abl_p3_slope3.0_s42_e8,r12_757_TrROS_Hall,981,0.15,bot,147,105,0.7142857142857143,0.14984709480122324,4.766763848396502
abl_p3_slope3.0_s42_e8,r18_3_TrROS_Hall,989,0.05,top,49,2,0.04081632653061224,0.04954499494438827,0.8238234069137859
abl_p3_slope3.0_s42_e8,r18_3_TrROS_Hall,989,0.05,bot,49,34,0.6938775510204082,0.04954499494438827,14.00499791753436
abl_p3_slope3.0_s42_e8,r18_3_TrROS_Hall,989,0.1,top,98,19,0.19387755102040816,0.09908998988877654,1.9565805914202414
abl_p3_slope3.0_s42_e8,r18_3_TrROS_Hall,989,0.1,bot,98,66,0.673469387755102,0.09908998988877654,6.796543107038733
abl_p3_slope3.0_s42_e8,r18_3_TrROS_Hall,989,0.15,top,148,39,0.2635135135135135,0.14964610717896865,1.7609112490869248
abl_p3_slope3.0_s42_e8,r18_3_TrROS_Hall,989,0.15,bot,148,107,0.722972972972973,0.14964610717896865,4.831218042366691
abl_sigma_seed1_e13,1GYZ,1125,0.05,top,56,6,0.10714285714285714,0.049777777777777775,2.152423469387755
abl_sigma_seed1_e13,1GYZ,1125,0.05,bot,56,27,0.48214285714285715,0.049777777777777775,9.685905612244898
abl_sigma_seed1_e13,1GYZ,1125,0.1,top,112,24,0.21428571428571427,0.09955555555555555,2.152423469387755
abl_sigma_seed1_e13,1GYZ,1125,0.1,bot,112,57,0.5089285714285714,0.09955555555555555,5.112005739795919
abl_sigma_seed1_e13,1GYZ,1125,0.15,top,168,45,0.26785714285714285,0.14933333333333335,1.7936862244897958
abl_sigma_seed1_e13,1GYZ,1125,0.15,bot,168,101,0.6011904761904762,0.14933333333333335,4.0258290816326525
abl_sigma_seed1_e13,1PSE,1217,0.05,top,60,12,0.2,0.049301561216105176,4.056666666666667
abl_sigma_seed1_e13,1PSE,1217,0.05,bot,60,26,0.43333333333333335,0.049301561216105176,8.789444444444445
abl_sigma_seed1_e13,1PSE,1217,0.1,top,121,35,0.2892561983471074,0.09942481511914544,2.9092958131275184
abl_sigma_seed1_e13,1PSE,1217,0.1,bot,121,72,0.5950413223140496,0.09942481511914544,5.984837101290895
abl_sigma_seed1_e13,1PSE,1217,0.15,top,182,53,0.29120879120879123,0.1495480690221857,1.9472587851708731
abl_sigma_seed1_e13,1PSE,1217,0.15,bot,182,118,0.6483516483516484,0.1495480690221857,4.335406351889868
abl_sigma_seed1_e13,1QKH,1271,0.05,top,63,8,0.12698412698412698,0.04956726986624705,2.5618543713781805
abl_sigma_seed1_e13,1QKH,1271,0.05,bot,63,27,0.42857142857142855,0.04956726986624705,8.64625850340136
abl_sigma_seed1_e13,1QKH,1271,0.1,top,127,24,0.1889763779527559,0.0999213217938631,1.891251782503565
abl_sigma_seed1_e13,1QKH,1271,0.1,bot,127,59,0.4645669291338583,0.0999213217938631,4.6493272986545975
abl_sigma_seed1_e13,1QKH,1271,0.15,top,190,51,0.26842105263157895,0.14948859166011014,1.7955955678670361
abl_sigma_seed1_e13,1QKH,1271,0.15,bot,190,97,0.5105263157894737,0.14948859166011014,3.4151523545706377
abl_sigma_seed1_e13,1QP2,1082,0.05,top,54,11,0.2037037037037037,0.04990757855822551,4.081618655692729
abl_sigma_seed1_e13,1QP2,1082,0.05,bot,54,23,0.42592592592592593,0.04990757855822551,8.534293552812072
abl_sigma_seed1_e13,1QP2,1082,0.1,top,108,35,0.32407407407407407,0.09981515711645102,3.246742112482853
abl_sigma_seed1_e13,1QP2,1082,0.1,bot,108,49,0.4537037037037037,0.09981515711645102,4.545438957475994
abl_sigma_seed1_e13,1QP2,1082,0.15,top,162,59,0.36419753086419754,0.14972273567467653,2.4324798049077883
abl_sigma_seed1_e13,1QP2,1082,0.15,bot,162,92,0.5679012345679012,0.14972273567467653,3.7930193568053645
abl_sigma_seed1_e13,1TUC,1043,0.05,top,52,16,0.3076923076923077,0.04985618408437201,6.171597633136095
abl_sigma_seed1_e13,1TUC,1043,0.05,bot,52,29,0.5576923076923077,0.04985618408437201,11.186020710059172
abl_sigma_seed1_e13,1TUC,1043,0.1,top,104,38,0.36538461538461536,0.09971236816874401,3.6643860946745557
abl_sigma_seed1_e13,1TUC,1043,0.1,bot,104,60,0.5769230769230769,0.09971236816874401,5.785872781065088
abl_sigma_seed1_e13,1TUC,1043,0.15,top,156,67,0.42948717948717946,0.14956855225311602,2.871507232084155
abl_sigma_seed1_e13,1TUC,1043,0.15,bot,156,107,0.6858974358974359,0.14956855225311602,4.585839907955292
abl_sigma_seed1_e13,1W4H,801,0.05,top,40,12,0.3,0.049937578027465665,6.0075
abl_sigma_seed1_e13,1W4H,801,0.05,bot,40,25,0.625,0.049937578027465665,12.515625
abl_sigma_seed1_e13,1W4H,801,0.1,top,80,27,0.3375,0.09987515605493133,3.3792187500000006
abl_sigma_seed1_e13,1W4H,801,0.1,bot,80,59,0.7375,0.09987515605493133,7.3842187500000005
abl_sigma_seed1_e13,1W4H,801,0.15,top,120,45,0.375,0.149812734082397,2.503125
abl_sigma_seed1_e13,1W4H,801,0.15,bot,120,91,0.7583333333333333,0.149812734082397,5.061875
abl_sigma_seed1_e13,2BTH,800,0.05,top,40,12,0.3,0.05,5.999999999999999
abl_sigma_seed1_e13,2BTH,800,0.05,bot,40,25,0.625,0.05,12.5
abl_sigma_seed1_e13,2BTH,800,0.1,top,80,25,0.3125,0.1,3.125
abl_sigma_seed1_e13,2BTH,800,0.1,bot,80,53,0.6625,0.1,6.624999999999999
abl_sigma_seed1_e13,2BTH,800,0.15,top,120,49,0.4083333333333333,0.15,2.7222222222222223
abl_sigma_seed1_e13,2BTH,800,0.15,bot,120,90,0.75,0.15,5.0
abl_sigma_seed1_e13,2K1B,933,0.05,top,46,19,0.41304347826086957,0.04930332261521972,8.377599243856332
abl_sigma_seed1_e13,2K1B,933,0.05,bot,46,22,0.4782608695652174,0.04930332261521972,9.700378071833649
abl_sigma_seed1_e13,2K1B,933,0.1,top,93,42,0.45161290322580644,0.09967845659163987,4.530697190426639
abl_sigma_seed1_e13,2K1B,933,0.1,bot,93,62,0.6666666666666666,0.09967845659163987,6.688172043010752
abl_sigma_seed1_e13,2K1B,933,0.15,top,139,71,0.5107913669064749,0.1489817792068596,3.4285492469333887
abl_sigma_seed1_e13,2K1B,933,0.15,bot,139,98,0.7050359712230215,0.1489817792068596,4.732363749288338
abl_sigma_seed1_e13,2K28,919,0.05,top,45,16,0.35555555555555557,0.04896626768226333,7.2612345679012344
abl_sigma_seed1_e13,2K28,919,0.05,bot,45,24,0.5333333333333333,0.04896626768226333,10.891851851851852
abl_sigma_seed1_e13,2K28,919,0.1,top,91,37,0.4065934065934066,0.09902067464635474,4.106146600652095
abl_sigma_seed1_e13,2K28,919,0.1,bot,91,53,0.5824175824175825,0.09902067464635474,5.881777563096245
abl_sigma_seed1_e13,2K28,919,0.15,top,137,64,0.46715328467153283,0.14907508161044614,3.1336778730886037
abl_sigma_seed1_e13,2K28,919,0.15,bot,137,96,0.7007299270072993,0.14907508161044614,4.700516809632906
abl_sigma_seed1_e13,2K5H,1124,0.05,top,56,6,0.10714285714285714,0.0498220640569395,2.1505102040816326
abl_sigma_seed1_e13,2K5H,1124,0.05,bot,56,30,0.5357142857142857,0.0498220640569395,10.752551020408163
abl_sigma_seed1_e13,2K5H,1124,0.1,top,112,29,0.25892857142857145,0.099644128113879,2.5985331632653064
abl_sigma_seed1_e13,2K5H,1124,0.1,bot,112,83,0.7410714285714286,0.099644128113879,7.43718112244898
abl_sigma_seed1_e13,2K5H,1124,0.15,top,168,55,0.3273809523809524,0.1494661921708185,2.1903344671201816
abl_sigma_seed1_e13,2K5H,1124,0.15,bot,168,129,0.7678571428571429,0.1494661921708185,5.13732993197279
abl_sigma_seed1_e13,2KVS,1206,0.05,top,60,3,0.05,0.04975124378109453,1.0050000000000001
abl_sigma_seed1_e13,2KVS,1206,0.05,bot,60,12,0.2,0.04975124378109453,4.0200000000000005
abl_sigma_seed1_e13,2KVS,1206,0.1,top,120,16,0.13333333333333333,0.09950248756218906,1.3399999999999999
abl_sigma_seed1_e13,2KVS,1206,0.1,bot,120,21,0.175,0.09950248756218906,1.7587499999999998
abl_sigma_seed1_e13,2KVS,1206,0.15,top,180,36,0.2,0.14925373134328357,1.3400000000000003
abl_sigma_seed1_e13,2KVS,1206,0.15,bot,180,49,0.2722222222222222,0.14925373134328357,1.823888888888889
abl_sigma_seed1_e13,2KWH,979,0.05,top,48,20,0.4166666666666667,0.049029622063329927,8.49826388888889
abl_sigma_seed1_e13,2KWH,979,0.05,bot,48,30,0.625,0.049029622063329927,12.747395833333334
abl_sigma_seed1_e13,2KWH,979,0.1,top,97,43,0.44329896907216493,0.09908069458631256,4.474120522903602
abl_sigma_seed1_e13,2KWH,979,0.1,bot,97,67,0.6907216494845361,0.09908069458631256,6.97130407057073
abl_sigma_seed1_e13,2KWH,979,0.15,top,146,67,0.4589041095890411,0.1491317671092952,3.0771720773128166
abl_sigma_seed1_e13,2KWH,979,0.15,bot,146,105,0.7191780821917808,0.1491317671092952,4.82243385250516
abl_sigma_seed1_e13,2KXD,1172,0.05,top,58,6,0.10344827586206896,0.04948805460750853,2.0903686087990487
abl_sigma_seed1_e13,2KXD,1172,0.05,bot,58,32,0.5517241379310345,0.04948805460750853,11.148632580261593
abl_sigma_seed1_e13,2KXD,1172,0.1,top,117,22,0.18803418803418803,0.09982935153583618,1.8835561399663963
abl_sigma_seed1_e13,2KXD,1172,0.1,bot,117,80,0.6837606837606838,0.09982935153583618,6.849295054423259
abl_sigma_seed1_e13,2KXD,1172,0.15,top,175,47,0.26857142857142857,0.1493174061433447,1.798661224489796
abl_sigma_seed1_e13,2KXD,1172,0.15,bot,175,124,0.7085714285714285,0.1493174061433447,4.745404081632652
abl_sigma_seed1_e13,2L33,1333,0.05,top,66,12,0.18181818181818182,0.04951237809452363,3.672176308539945
abl_sigma_seed1_e13,2L33,1333,0.05,bot,66,34,0.5151515151515151,0.04951237809452363,10.404499540863178
abl_sigma_seed1_e13,2L33,1333,0.1,top,133,30,0.22556390977443608,0.09977494373593399,2.2607270054836337
abl_sigma_seed1_e13,2L33,1333,0.1,bot,133,98,0.7368421052631579,0.09977494373593399,7.385041551246537
abl_sigma_seed1_e13,2L33,1333,0.15,top,199,56,0.2814070351758794,0.14928732183045762,1.8850029039670715
abl_sigma_seed1_e13,2L33,1333,0.15,bot,199,151,0.7587939698492462,0.14928732183045762,5.082775687482639
abl_sigma_seed1_e13,2LQK,989,0.05,top,49,15,0.30612244897959184,0.04954499494438827,6.178675551853394
abl_sigma_seed1_e13,2LQK,989,0.05,bot,49,12,0.24489795918367346,0.04954499494438827,4.942940441482715
abl_sigma_seed1_e13,2LQK,989,0.1,top,98,34,0.3469387755102041,0.09908998988877654,3.50124947938359
abl_sigma_seed1_e13,2LQK,989,0.1,bot,98,53,0.5408163265306123,0.09908998988877654,5.4578300708038325
abl_sigma_seed1_e13,2LQK,989,0.15,top,148,62,0.4189189189189189,0.14964610717896865,2.7993973703433164
abl_sigma_seed1_e13,2LQK,989,0.15,bot,148,97,0.6554054054054054,0.14964610717896865,4.379702337472608
abl_sigma_seed1_e13,2WXC,786,0.05,top,39,16,0.41025641025641024,0.04961832061068702,8.268244575936883
abl_sigma_seed1_e13,2WXC,786,0.05,bot,39,21,0.5384615384615384,0.04961832061068702,10.852071005917159
abl_sigma_seed1_e13,2WXC,786,0.1,top,78,29,0.3717948717948718,0.09923664122137404,3.7465483234714005
abl_sigma_seed1_e13,2WXC,786,0.1,bot,78,59,0.7564102564102564,0.09923664122137404,7.622287968441815
abl_sigma_seed1_e13,2WXC,786,0.15,top,117,50,0.42735042735042733,0.14885496183206107,2.87091825553364
abl_sigma_seed1_e13,2WXC,786,0.15,bot,117,92,0.7863247863247863,0.14885496183206107,5.282489590181898
abl_sigma_seed1_e13,3DKM,1238,0.05,top,61,5,0.08196721311475409,0.049273021001615507,1.6635313087879602
abl_sigma_seed1_e13,3DKM,1238,0.05,bot,61,28,0.45901639344262296,0.049273021001615507,9.315775329212578
abl_sigma_seed1_e13,3DKM,1238,0.1,top,123,37,0.3008130081300813,0.09935379644588045,3.027695155000331
abl_sigma_seed1_e13,3DKM,1238,0.1,bot,123,54,0.43902439024390244,0.09935379644588045,4.418798334324807
abl_sigma_seed1_e13,3DKM,1238,0.15,top,185,70,0.3783783783783784,0.1494345718901454,2.532067202337473
abl_sigma_seed1_e13,3DKM,1238,0.15,bot,185,93,0.5027027027027027,0.1494345718901454,3.3640321402483564
abl_sigma_seed1_e13,4C26,1159,0.05,top,57,11,0.19298245614035087,0.04918032786885246,3.9239766081871346
abl_sigma_seed1_e13,4C26,1159,0.05,bot,57,43,0.7543859649122807,0.04918032786885246,15.339181286549708
abl_sigma_seed1_e13,4C26,1159,0.1,top,115,29,0.25217391304347825,0.0992234685073339,2.5414744801512286
abl_sigma_seed1_e13,4C26,1159,0.1,bot,115,87,0.7565217391304347,0.0992234685073339,7.624423440453686
abl_sigma_seed1_e13,4C26,1159,0.15,top,173,46,0.2658959537572254,0.14926660914581535,1.7813491930903136
abl_sigma_seed1_e13,4C26,1159,0.15,bot,173,131,0.7572254335260116,0.14926660914581535,5.072972702061546
abl_sigma_seed1_e13,6EWS,1035,0.05,top,51,16,0.3137254901960784,0.04927536231884058,6.366782006920415
abl_sigma_seed1_e13,6EWS,1035,0.05,bot,51,20,0.39215686274509803,0.04927536231884058,7.958477508650518
abl_sigma_seed1_e13,6EWS,1035,0.1,top,103,44,0.42718446601941745,0.09951690821256039,4.292581770195117
abl_sigma_seed1_e13,6EWS,1035,0.1,bot,103,67,0.6504854368932039,0.09951690821256039,6.53643133188802
abl_sigma_seed1_e13,6EWS,1035,0.15,top,155,73,0.47096774193548385,0.1497584541062802,3.1448491155046825
abl_sigma_seed1_e13,6EWS,1035,0.15,bot,155,119,0.7677419354838709,0.1497584541062802,5.126534859521332
abl_sigma_seed1_e13,6EWT,1024,0.05,top,51,11,0.21568627450980393,0.0498046875,4.330642060745867
abl_sigma_seed1_e13,6EWT,1024,0.05,bot,51,28,0.5490196078431373,0.0498046875,11.023452518262207
abl_sigma_seed1_e13,6EWT,1024,0.1,top,102,31,0.30392156862745096,0.099609375,3.0511341791618607
abl_sigma_seed1_e13,6EWT,1024,0.1,bot,102,71,0.696078431372549,0.099609375,6.988081507112649
abl_sigma_seed1_e13,6EWT,1024,0.15,top,153,52,0.33986928104575165,0.1494140625,2.2746806783715665
abl_sigma_seed1_e13,6EWT,1024,0.15,bot,153,113,0.738562091503268,0.1494140625,4.943056089538212
abl_sigma_seed1_e13,6EWU,1009,0.05,top,50,22,0.44,0.049554013875123884,8.8792
abl_sigma_seed1_e13,6EWU,1009,0.05,bot,50,31,0.62,0.049554013875123884,12.5116
abl_sigma_seed1_e13,6EWU,1009,0.1,top,100,50,0.5,0.09910802775024777,5.045
abl_sigma_seed1_e13,6EWU,1009,0.1,bot,100,69,0.69,0.09910802775024777,6.9620999999999995
abl_sigma_seed1_e13,6EWU,1009,0.15,top,151,78,0.5165562913907285,0.14965312190287414,3.4516907153195033
abl_sigma_seed1_e13,6EWU,1009,0.15,bot,151,110,0.7284768211920529,0.14965312190287414,4.8677689575018634
abl_sigma_seed1_e13,HEEH_KT_rd6_0746,806,0.05,top,40,11,0.275,0.04962779156327544,5.54125
abl_sigma_seed1_e13,HEEH_KT_rd6_0746,806,0.05,bot,40,20,0.5,0.04962779156327544,10.075
abl_sigma_seed1_e13,HEEH_KT_rd6_0746,806,0.1,top,80,29,0.3625,0.09925558312655088,3.6521874999999997
abl_sigma_seed1_e13,HEEH_KT_rd6_0746,806,0.1,bot,80,51,0.6375,0.09925558312655088,6.422812499999999
abl_sigma_seed1_e13,HEEH_KT_rd6_0746,806,0.15,top,120,48,0.4,0.1488833746898263,2.686666666666667
abl_sigma_seed1_e13,HEEH_KT_rd6_0746,806,0.15,bot,120,76,0.6333333333333333,0.1488833746898263,4.253888888888889
abl_sigma_seed1_e13,HEEH_KT_rd6_0793,795,0.05,top,39,7,0.1794871794871795,0.04905660377358491,3.6587771203155817
abl_sigma_seed1_e13,HEEH_KT_rd6_0793,795,0.05,bot,39,10,0.2564102564102564,0.04905660377358491,5.226824457593688
abl_sigma_seed1_e13,HEEH_KT_rd6_0793,795,0.1,top,79,15,0.189873417721519,0.09937106918238994,1.9107514821342735
abl_sigma_seed1_e13,HEEH_KT_rd6_0793,795,0.1,bot,79,34,0.43037974683544306,0.09937106918238994,4.331036692837686
abl_sigma_seed1_e13,HEEH_KT_rd6_0793,795,0.15,top,119,32,0.2689075630252101,0.14968553459119496,1.7964832992020336
abl_sigma_seed1_e13,HEEH_KT_rd6_0793,795,0.15,bot,119,50,0.42016806722689076,0.14968553459119496,2.807005155003178
abl_sigma_seed1_e13,HHH_rd1_0142,803,0.05,top,40,4,0.1,0.049813200498132,2.0075000000000003
abl_sigma_seed1_e13,HHH_rd1_0142,803,0.05,bot,40,20,0.5,0.049813200498132,10.0375
abl_sigma_seed1_e13,HHH_rd1_0142,803,0.1,top,80,21,0.2625,0.099626400996264,2.6348437500000004
abl_sigma_seed1_e13,HHH_rd1_0142,803,0.1,bot,80,60,0.75,0.099626400996264,7.528125
abl_sigma_seed1_e13,HHH_rd1_0142,803,0.15,top,120,42,0.35,0.149439601494396,2.3420833333333335
abl_sigma_seed1_e13,HHH_rd1_0142,803,0.15,bot,120,91,0.7583333333333333,0.149439601494396,5.074513888888889
abl_sigma_seed1_e13,HHH_rd1_0244,770,0.05,top,38,12,0.3157894736842105,0.04935064935064935,6.3988919667590025
abl_sigma_seed1_e13,HHH_rd1_0244,770,0.05,bot,38,22,0.5789473684210527,0.04935064935064935,11.731301939058172
abl_sigma_seed1_e13,HHH_rd1_0244,770,0.1,top,77,26,0.33766233766233766,0.1,3.3766233766233764
abl_sigma_seed1_e13,HHH_rd1_0244,770,0.1,bot,77,57,0.7402597402597403,0.1,7.402597402597403
abl_sigma_seed1_e13,HHH_rd1_0244,770,0.15,top,115,59,0.5130434782608696,0.14935064935064934,3.435160680529301
abl_sigma_seed1_e13,HHH_rd1_0244,770,0.15,bot,115,85,0.7391304347826086,0.14935064935064934,4.948960302457467
abl_sigma_seed1_e13,r11_1081_TrROS_Hall,897,0.05,top,44,5,0.11363636363636363,0.04905239687848383,2.3166322314049586
abl_sigma_seed1_e13,r11_1081_TrROS_Hall,897,0.05,bot,44,34,0.7727272727272727,0.04905239687848383,15.75309917355372
abl_sigma_seed1_e13,r11_1081_TrROS_Hall,897,0.1,top,89,21,0.23595505617977527,0.09921962095875139,2.3781088246433533
abl_sigma_seed1_e13,r11_1081_TrROS_Hall,897,0.1,bot,89,68,0.7640449438202247,0.09921962095875139,7.700542860749906
abl_sigma_seed1_e13,r11_1081_TrROS_Hall,897,0.15,top,134,39,0.291044776119403,0.14938684503901895,1.9482624192470486
abl_sigma_seed1_e13,r11_1081_TrROS_Hall,897,0.15,bot,134,96,0.7164179104477612,0.14938684503901895,4.795722878146581
abl_sigma_seed1_e13,r12_757_TrROS_Hall,981,0.05,top,49,20,0.40816326530612246,0.04994903160040775,8.171595168679717
abl_sigma_seed1_e13,r12_757_TrROS_Hall,981,0.05,bot,49,19,0.3877551020408163,0.04994903160040775,7.76301541024573
abl_sigma_seed1_e13,r12_757_TrROS_Hall,981,0.1,top,98,48,0.4897959183673469,0.0998980632008155,4.9029571012078295
abl_sigma_seed1_e13,r12_757_TrROS_Hall,981,0.1,bot,98,56,0.5714285714285714,0.0998980632008155,5.720116618075801
abl_sigma_seed1_e13,r12_757_TrROS_Hall,981,0.15,top,147,68,0.46258503401360546,0.14984709480122324,3.087047063723449
abl_sigma_seed1_e13,r12_757_TrROS_Hall,981,0.15,bot,147,99,0.673469387755102,0.14984709480122324,4.494377342773844
abl_sigma_seed1_e13,r18_3_TrROS_Hall,989,0.05,top,49,6,0.12244897959183673,0.04954499494438827,2.4714702207413577
abl_sigma_seed1_e13,r18_3_TrROS_Hall,989,0.05,bot,49,31,0.6326530612244898,0.04954499494438827,12.769262807163683
abl_sigma_seed1_e13,r18_3_TrROS_Hall,989,0.1,top,98,21,0.21428571428571427,0.09908998988877654,2.1625364431486878
abl_sigma_seed1_e13,r18_3_TrROS_Hall,989,0.1,bot,98,70,0.7142857142857143,0.09908998988877654,7.208454810495627
abl_sigma_seed1_e13,r18_3_TrROS_Hall,989,0.15,top,148,44,0.2972972972972973,0.14964610717896865,1.9866691015339666
abl_sigma_seed1_e13,r18_3_TrROS_Hall,989,0.15,bot,148,110,0.7432432432432432,0.14964610717896865,4.966672753834916
abl_sigma_seed2_e10,1GYZ,1125,0.05,top,56,5,0.08928571428571429,0.049777777777777775,1.793686224489796
abl_sigma_seed2_e10,1GYZ,1125,0.05,bot,56,28,0.5,0.049777777777777775,10.044642857142858
abl_sigma_seed2_e10,1GYZ,1125,0.1,top,112,26,0.23214285714285715,0.09955555555555555,2.3317920918367347
abl_sigma_seed2_e10,1GYZ,1125,0.1,bot,112,62,0.5535714285714286,0.09955555555555555,5.560427295918368
abl_sigma_seed2_e10,1GYZ,1125,0.15,top,168,43,0.25595238095238093,0.14933333333333335,1.7139668367346936
abl_sigma_seed2_e10,1GYZ,1125,0.15,bot,168,102,0.6071428571428571,0.14933333333333335,4.065688775510203
abl_sigma_seed2_e10,1PSE,1217,0.05,top,60,12,0.2,0.049301561216105176,4.056666666666667
abl_sigma_seed2_e10,1PSE,1217,0.05,bot,60,27,0.45,0.049301561216105176,9.1275
abl_sigma_seed2_e10,1PSE,1217,0.1,top,121,32,0.2644628099173554,0.09942481511914544,2.6599276005737313
abl_sigma_seed2_e10,1PSE,1217,0.1,bot,121,71,0.5867768595041323,0.09942481511914544,5.9017143637729665
abl_sigma_seed2_e10,1PSE,1217,0.15,top,182,53,0.29120879120879123,0.1495480690221857,1.9472587851708731
abl_sigma_seed2_e10,1PSE,1217,0.15,bot,182,118,0.6483516483516484,0.1495480690221857,4.335406351889868
abl_sigma_seed2_e10,1QKH,1271,0.05,top,63,10,0.15873015873015872,0.04956726986624705,3.202317964222726
abl_sigma_seed2_e10,1QKH,1271,0.05,bot,63,26,0.4126984126984127,0.04956726986624705,8.326026706979087
abl_sigma_seed2_e10,1QKH,1271,0.1,top,127,27,0.2125984251968504,0.0999213217938631,2.127658255316511
abl_sigma_seed2_e10,1QKH,1271,0.1,bot,127,67,0.5275590551181102,0.0999213217938631,5.279744559489119
abl_sigma_seed2_e10,1QKH,1271,0.15,top,190,56,0.29473684210526313,0.14948859166011014,1.9716343490304709
abl_sigma_seed2_e10,1QKH,1271,0.15,bot,190,99,0.5210526315789473,0.14948859166011014,3.485567867036011
abl_sigma_seed2_e10,1QP2,1082,0.05,top,54,12,0.2222222222222222,0.04990757855822551,4.4526748971193415
abl_sigma_seed2_e10,1QP2,1082,0.05,bot,54,22,0.4074074074074074,0.04990757855822551,8.163237311385458
abl_sigma_seed2_e10,1QP2,1082,0.1,top,108,35,0.32407407407407407,0.09981515711645102,3.246742112482853
abl_sigma_seed2_e10,1QP2,1082,0.1,bot,108,50,0.46296296296296297,0.09981515711645102,4.638203017832647
abl_sigma_seed2_e10,1QP2,1082,0.15,top,162,59,0.36419753086419754,0.14972273567467653,2.4324798049077883
abl_sigma_seed2_e10,1QP2,1082,0.15,bot,162,90,0.5555555555555556,0.14972273567467653,3.7105624142661178
abl_sigma_seed2_e10,1TUC,1043,0.05,top,52,18,0.34615384615384615,0.04985618408437201,6.943047337278106
abl_sigma_seed2_e10,1TUC,1043,0.05,bot,52,29,0.5576923076923077,0.04985618408437201,11.186020710059172
abl_sigma_seed2_e10,1TUC,1043,0.1,top,104,40,0.38461538461538464,0.09971236816874401,3.8572485207100593
abl_sigma_seed2_e10,1TUC,1043,0.1,bot,104,63,0.6057692307692307,0.09971236816874401,6.075166420118342
abl_sigma_seed2_e10,1TUC,1043,0.15,top,156,65,0.4166666666666667,0.14956855225311602,2.7857905982905984
abl_sigma_seed2_e10,1TUC,1043,0.15,bot,156,100,0.6410256410256411,0.14956855225311602,4.285831689677844
abl_sigma_seed2_e10,1W4H,801,0.05,top,40,14,0.35,0.049937578027465665,7.00875
abl_sigma_seed2_e10,1W4H,801,0.05,bot,40,26,0.65,0.049937578027465665,13.016250000000001
abl_sigma_seed2_e10,1W4H,801,0.1,top,80,25,0.3125,0.09987515605493133,3.12890625
abl_sigma_seed2_e10,1W4H,801,0.1,bot,80,59,0.7375,0.09987515605493133,7.3842187500000005
abl_sigma_seed2_e10,1W4H,801,0.15,top,120,44,0.36666666666666664,0.149812734082397,2.4475
abl_sigma_seed2_e10,1W4H,801,0.15,bot,120,94,0.7833333333333333,0.149812734082397,5.22875
abl_sigma_seed2_e10,2BTH,800,0.05,top,40,9,0.225,0.05,4.5
abl_sigma_seed2_e10,2BTH,800,0.05,bot,40,25,0.625,0.05,12.5
abl_sigma_seed2_e10,2BTH,800,0.1,top,80,23,0.2875,0.1,2.8749999999999996
abl_sigma_seed2_e10,2BTH,800,0.1,bot,80,54,0.675,0.1,6.75
abl_sigma_seed2_e10,2BTH,800,0.15,top,120,45,0.375,0.15,2.5
abl_sigma_seed2_e10,2BTH,800,0.15,bot,120,90,0.75,0.15,5.0
abl_sigma_seed2_e10,2K1B,933,0.05,top,46,20,0.43478260869565216,0.04930332261521972,8.818525519848771
abl_sigma_seed2_e10,2K1B,933,0.05,bot,46,23,0.5,0.04930332261521972,10.141304347826088
abl_sigma_seed2_e10,2K1B,933,0.1,top,93,45,0.4838709677419355,0.09967845659163987,4.854318418314256
abl_sigma_seed2_e10,2K1B,933,0.1,bot,93,64,0.6881720430107527,0.09967845659163987,6.9039195282691646
abl_sigma_seed2_e10,2K1B,933,0.15,top,139,73,0.5251798561151079,0.1489817792068596,3.525128098959681
abl_sigma_seed2_e10,2K1B,933,0.15,bot,139,102,0.7338129496402878,0.1489817792068596,4.925521453340925
abl_sigma_seed2_e10,2K28,919,0.05,top,45,16,0.35555555555555557,0.04896626768226333,7.2612345679012344
abl_sigma_seed2_e10,2K28,919,0.05,bot,45,27,0.6,0.04896626768226333,12.253333333333332
abl_sigma_seed2_e10,2K28,919,0.1,top,91,36,0.3956043956043956,0.09902067464635474,3.9951696654993354
abl_sigma_seed2_e10,2K28,919,0.1,bot,91,57,0.6263736263736264,0.09902067464635474,6.3256853037072815
abl_sigma_seed2_e10,2K28,919,0.15,top,137,69,0.5036496350364964,0.14907508161044614,3.378496456923651
abl_sigma_seed2_e10,2K28,919,0.15,bot,137,98,0.7153284671532847,0.14907508161044614,4.798444243166925
abl_sigma_seed2_e10,2K5H,1124,0.05,top,56,9,0.16071428571428573,0.0498220640569395,3.225765306122449
abl_sigma_seed2_e10,2K5H,1124,0.05,bot,56,29,0.5178571428571429,0.0498220640569395,10.394132653061225
abl_sigma_seed2_e10,2K5H,1124,0.1,top,112,28,0.25,0.099644128113879,2.5089285714285716
abl_sigma_seed2_e10,2K5H,1124,0.1,bot,112,80,0.7142857142857143,0.099644128113879,7.168367346938775
abl_sigma_seed2_e10,2K5H,1124,0.15,top,168,58,0.34523809523809523,0.1494661921708185,2.309807256235828
abl_sigma_seed2_e10,2K5H,1124,0.15,bot,168,131,0.7797619047619048,0.1494661921708185,5.216978458049887
abl_sigma_seed2_e10,2KVS,1206,0.05,top,60,7,0.11666666666666667,0.04975124378109453,2.3449999999999998
abl_sigma_seed2_e10,2KVS,1206,0.05,bot,60,23,0.38333333333333336,0.04975124378109453,7.705
abl_sigma_seed2_e10,2KVS,1206,0.1,top,120,24,0.2,0.09950248756218906,2.0100000000000002
abl_sigma_seed2_e10,2KVS,1206,0.1,bot,120,58,0.48333333333333334,0.09950248756218906,4.8575
abl_sigma_seed2_e10,2KVS,1206,0.15,top,180,41,0.22777777777777777,0.14925373134328357,1.5261111111111112
abl_sigma_seed2_e10,2KVS,1206,0.15,bot,180,98,0.5444444444444444,0.14925373134328357,3.647777777777778
abl_sigma_seed2_e10,2KWH,979,0.05,top,48,19,0.3958333333333333,0.049029622063329927,8.073350694444445
abl_sigma_seed2_e10,2KWH,979,0.05,bot,48,30,0.625,0.049029622063329927,12.747395833333334
abl_sigma_seed2_e10,2KWH,979,0.1,top,97,43,0.44329896907216493,0.09908069458631256,4.474120522903602
abl_sigma_seed2_e10,2KWH,979,0.1,bot,97,62,0.6391752577319587,0.09908069458631256,6.451057498140078
abl_sigma_seed2_e10,2KWH,979,0.15,top,146,70,0.4794520547945205,0.1491317671092952,3.2149559016701064
abl_sigma_seed2_e10,2KWH,979,0.15,bot,146,107,0.7328767123287672,0.1491317671092952,4.91428973541002
abl_sigma_seed2_e10,2KXD,1172,0.05,top,58,6,0.10344827586206896,0.04948805460750853,2.0903686087990487
abl_sigma_seed2_e10,2KXD,1172,0.05,bot,58,34,0.5862068965517241,0.04948805460750853,11.845422116527942
abl_sigma_seed2_e10,2KXD,1172,0.1,top,117,31,0.26495726495726496,0.09982935153583618,2.654101833589013
abl_sigma_seed2_e10,2KXD,1172,0.1,bot,117,82,0.7008547008547008,0.09982935153583618,7.02052743078384
abl_sigma_seed2_e10,2KXD,1172,0.15,top,175,55,0.3142857142857143,0.1493174061433447,2.1048163265306123
abl_sigma_seed2_e10,2KXD,1172,0.15,bot,175,133,0.76,0.1493174061433447,5.089828571428572
abl_sigma_seed2_e10,2L33,1333,0.05,top,66,6,0.09090909090909091,0.04951237809452363,1.8360881542699725
abl_sigma_seed2_e10,2L33,1333,0.05,bot,66,40,0.6060606060606061,0.04951237809452363,12.24058769513315
abl_sigma_seed2_e10,2L33,1333,0.1,top,133,32,0.24060150375939848,0.09977494373593399,2.4114421391825425
abl_sigma_seed2_e10,2L33,1333,0.1,bot,133,102,0.7669172932330827,0.09977494373593399,7.686471818644355
abl_sigma_seed2_e10,2L33,1333,0.15,top,199,54,0.271356783919598,0.14928732183045762,1.8176813716825333
abl_sigma_seed2_e10,2L33,1333,0.15,bot,199,158,0.7939698492462312,0.14928732183045762,5.318401050478523
abl_sigma_seed2_e10,2LQK,989,0.05,top,49,12,0.24489795918367346,0.04954499494438827,4.942940441482715
abl_sigma_seed2_e10,2LQK,989,0.05,bot,49,13,0.2653061224489796,0.04954499494438827,5.354852144939609
abl_sigma_seed2_e10,2LQK,989,0.1,top,98,38,0.3877551020408163,0.09908998988877654,3.913161182840483
abl_sigma_seed2_e10,2LQK,989,0.1,bot,98,59,0.6020408163265306,0.09908998988877654,6.0756976259891715
abl_sigma_seed2_e10,2LQK,989,0.15,top,148,67,0.4527027027027027,0.14964610717896865,3.025155222790358
abl_sigma_seed2_e10,2LQK,989,0.15,bot,148,100,0.6756756756756757,0.14964610717896865,4.515157048940833
abl_sigma_seed2_e10,2WXC,786,0.05,top,39,17,0.4358974358974359,0.04961832061068702,8.78500986193294
abl_sigma_seed2_e10,2WXC,786,0.05,bot,39,22,0.5641025641025641,0.04961832061068702,11.368836291913215
abl_sigma_seed2_e10,2WXC,786,0.1,top,78,30,0.38461538461538464,0.09923664122137404,3.8757396449704147
abl_sigma_seed2_e10,2WXC,786,0.1,bot,78,57,0.7307692307692307,0.09923664122137404,7.3639053254437865
abl_sigma_seed2_e10,2WXC,786,0.15,top,117,47,0.4017094017094017,0.14885496183206107,2.698663160201622
abl_sigma_seed2_e10,2WXC,786,0.15,bot,117,93,0.7948717948717948,0.14885496183206107,5.339907955292571
abl_sigma_seed2_e10,3DKM,1238,0.05,top,61,7,0.11475409836065574,0.049273021001615507,2.3289438323031444
abl_sigma_seed2_e10,3DKM,1238,0.05,bot,61,28,0.45901639344262296,0.049273021001615507,9.315775329212578
abl_sigma_seed2_e10,3DKM,1238,0.1,top,123,42,0.34146341463414637,0.09935379644588045,3.4368431489192943
abl_sigma_seed2_e10,3DKM,1238,0.1,bot,123,53,0.43089430894308944,0.09935379644588045,4.3369687355410145
abl_sigma_seed2_e10,3DKM,1238,0.15,top,185,79,0.42702702702702705,0.1494345718901454,2.857618699780862
abl_sigma_seed2_e10,3DKM,1238,0.15,bot,185,96,0.518918918918919,0.1494345718901454,3.47254930606282
abl_sigma_seed2_e10,4C26,1159,0.05,top,57,12,0.21052631578947367,0.04918032786885246,4.280701754385965
abl_sigma_seed2_e10,4C26,1159,0.05,bot,57,43,0.7543859649122807,0.04918032786885246,15.339181286549708
abl_sigma_seed2_e10,4C26,1159,0.1,top,115,27,0.23478260869565218,0.0992234685073339,2.366200378071834
abl_sigma_seed2_e10,4C26,1159,0.1,bot,115,85,0.7391304347826086,0.0992234685073339,7.449149338374291
abl_sigma_seed2_e10,4C26,1159,0.15,top,173,46,0.2658959537572254,0.14926660914581535,1.7813491930903136
abl_sigma_seed2_e10,4C26,1159,0.15,bot,173,129,0.7456647398843931,0.14926660914581535,4.995522737144576
abl_sigma_seed2_e10,6EWS,1035,0.05,top,51,21,0.4117647058823529,0.04927536231884058,8.356401384083044
abl_sigma_seed2_e10,6EWS,1035,0.05,bot,51,23,0.45098039215686275,0.04927536231884058,9.152249134948097
abl_sigma_seed2_e10,6EWS,1035,0.1,top,103,47,0.4563106796116505,0.09951690821256039,4.585257799981148
abl_sigma_seed2_e10,6EWS,1035,0.1,bot,103,65,0.6310679611650486,0.09951690821256039,6.341313978697333
abl_sigma_seed2_e10,6EWS,1035,0.15,top,155,74,0.4774193548387097,0.1497584541062802,3.18792924037461
abl_sigma_seed2_e10,6EWS,1035,0.15,bot,155,122,0.7870967741935484,0.1497584541062802,5.2557752341311135
abl_sigma_seed2_e10,6EWT,1024,0.05,top,51,12,0.23529411764705882,0.0498046875,4.724336793540946
abl_sigma_seed2_e10,6EWT,1024,0.05,bot,51,33,0.6470588235294118,0.0498046875,12.991926182237602
abl_sigma_seed2_e10,6EWT,1024,0.1,top,102,33,0.3235294117647059,0.099609375,3.2479815455594006
abl_sigma_seed2_e10,6EWT,1024,0.1,bot,102,71,0.696078431372549,0.099609375,6.988081507112649
abl_sigma_seed2_e10,6EWT,1024,0.15,top,153,55,0.35947712418300654,0.1494140625,2.405912255969926
abl_sigma_seed2_e10,6EWT,1024,0.15,bot,153,111,0.7254901960784313,0.1494140625,4.855568371139305
abl_sigma_seed2_e10,6EWU,1009,0.05,top,50,24,0.48,0.049554013875123884,9.686399999999999
abl_sigma_seed2_e10,6EWU,1009,0.05,bot,50,34,0.68,0.049554013875123884,13.722400000000002
abl_sigma_seed2_e10,6EWU,1009,0.1,top,100,55,0.55,0.09910802775024777,5.549500000000001
abl_sigma_seed2_e10,6EWU,1009,0.1,bot,100,69,0.69,0.09910802775024777,6.9620999999999995
abl_sigma_seed2_e10,6EWU,1009,0.15,top,151,78,0.5165562913907285,0.14965312190287414,3.4516907153195033
abl_sigma_seed2_e10,6EWU,1009,0.15,bot,151,107,0.7086092715231788,0.14965312190287414,4.735011622297267
abl_sigma_seed2_e10,HEEH_KT_rd6_0746,806,0.05,top,40,7,0.175,0.04962779156327544,3.5262499999999997
abl_sigma_seed2_e10,HEEH_KT_rd6_0746,806,0.05,bot,40,21,0.525,0.04962779156327544,10.57875
abl_sigma_seed2_e10,HEEH_KT_rd6_0746,806,0.1,top,80,29,0.3625,0.09925558312655088,3.6521874999999997
abl_sigma_seed2_e10,HEEH_KT_rd6_0746,806,0.1,bot,80,52,0.65,0.09925558312655088,6.54875
abl_sigma_seed2_e10,HEEH_KT_rd6_0746,806,0.15,top,120,52,0.43333333333333335,0.1488833746898263,2.910555555555556
abl_sigma_seed2_e10,HEEH_KT_rd6_0746,806,0.15,bot,120,77,0.6416666666666667,0.1488833746898263,4.309861111111112
abl_sigma_seed2_e10,HEEH_KT_rd6_0793,795,0.05,top,39,5,0.1282051282051282,0.04905660377358491,2.613412228796844
abl_sigma_seed2_e10,HEEH_KT_rd6_0793,795,0.05,bot,39,12,0.3076923076923077,0.04905660377358491,6.272189349112426
abl_sigma_seed2_e10,HEEH_KT_rd6_0793,795,0.1,top,79,15,0.189873417721519,0.09937106918238994,1.9107514821342735
abl_sigma_seed2_e10,HEEH_KT_rd6_0793,795,0.1,bot,79,35,0.4430379746835443,0.09937106918238994,4.458420124979971
abl_sigma_seed2_e10,HEEH_KT_rd6_0793,795,0.15,top,119,32,0.2689075630252101,0.14968553459119496,1.7964832992020336
abl_sigma_seed2_e10,HEEH_KT_rd6_0793,795,0.15,bot,119,44,0.3697478991596639,0.14968553459119496,2.4701645364027964
abl_sigma_seed2_e10,HHH_rd1_0142,803,0.05,top,40,5,0.125,0.049813200498132,2.509375
abl_sigma_seed2_e10,HHH_rd1_0142,803,0.05,bot,40,28,0.7,0.049813200498132,14.0525
abl_sigma_seed2_e10,HHH_rd1_0142,803,0.1,top,80,22,0.275,0.099626400996264,2.7603125000000004
abl_sigma_seed2_e10,HHH_rd1_0142,803,0.1,bot,80,63,0.7875,0.099626400996264,7.90453125
abl_sigma_seed2_e10,HHH_rd1_0142,803,0.15,top,120,49,0.4083333333333333,0.149439601494396,2.7324305555555557
abl_sigma_seed2_e10,HHH_rd1_0142,803,0.15,bot,120,91,0.7583333333333333,0.149439601494396,5.074513888888889
abl_sigma_seed2_e10,HHH_rd1_0244,770,0.05,top,38,12,0.3157894736842105,0.04935064935064935,6.3988919667590025
abl_sigma_seed2_e10,HHH_rd1_0244,770,0.05,bot,38,25,0.6578947368421053,0.04935064935064935,13.331024930747922
abl_sigma_seed2_e10,HHH_rd1_0244,770,0.1,top,77,30,0.38961038961038963,0.1,3.896103896103896
abl_sigma_seed2_e10,HHH_rd1_0244,770,0.1,bot,77,54,0.7012987012987013,0.1,7.012987012987013
abl_sigma_seed2_e10,HHH_rd1_0244,770,0.15,top,115,63,0.5478260869565217,0.14935064935064934,3.6680529300567106
abl_sigma_seed2_e10,HHH_rd1_0244,770,0.15,bot,115,85,0.7391304347826086,0.14935064935064934,4.948960302457467
abl_sigma_seed2_e10,r11_1081_TrROS_Hall,897,0.05,top,44,2,0.045454545454545456,0.04905239687848383,0.9266528925619836
abl_sigma_seed2_e10,r11_1081_TrROS_Hall,897,0.05,bot,44,36,0.8181818181818182,0.04905239687848383,16.679752066115704
abl_sigma_seed2_e10,r11_1081_TrROS_Hall,897,0.1,top,89,21,0.23595505617977527,0.09921962095875139,2.3781088246433533
abl_sigma_seed2_e10,r11_1081_TrROS_Hall,897,0.1,bot,89,67,0.7528089887640449,0.09921962095875139,7.587299583385936
abl_sigma_seed2_e10,r11_1081_TrROS_Hall,897,0.15,top,134,43,0.3208955223880597,0.14938684503901895,2.148084205836489
abl_sigma_seed2_e10,r11_1081_TrROS_Hall,897,0.15,bot,134,94,0.7014925373134329,0.14938684503901895,4.6958119848518605
abl_sigma_seed2_e10,r12_757_TrROS_Hall,981,0.05,top,49,23,0.46938775510204084,0.04994903160040775,9.397334443981674
abl_sigma_seed2_e10,r12_757_TrROS_Hall,981,0.05,bot,49,20,0.40816326530612246,0.04994903160040775,8.171595168679717
abl_sigma_seed2_e10,r12_757_TrROS_Hall,981,0.1,top,98,47,0.47959183673469385,0.0998980632008155,4.8008121615993335
abl_sigma_seed2_e10,r12_757_TrROS_Hall,981,0.1,bot,98,56,0.5714285714285714,0.0998980632008155,5.720116618075801
abl_sigma_seed2_e10,r12_757_TrROS_Hall,981,0.15,top,147,68,0.46258503401360546,0.14984709480122324,3.087047063723449
abl_sigma_seed2_e10,r12_757_TrROS_Hall,981,0.15,bot,147,100,0.6802721088435374,0.14984709480122324,4.539775093710953
abl_sigma_seed2_e10,r18_3_TrROS_Hall,989,0.05,top,49,7,0.14285714285714285,0.04954499494438827,2.883381924198251
abl_sigma_seed2_e10,r18_3_TrROS_Hall,989,0.05,bot,49,34,0.6938775510204082,0.04954499494438827,14.00499791753436
abl_sigma_seed2_e10,r18_3_TrROS_Hall,989,0.1,top,98,21,0.21428571428571427,0.09908998988877654,2.1625364431486878
abl_sigma_seed2_e10,r18_3_TrROS_Hall,989,0.1,bot,98,71,0.7244897959183674,0.09908998988877654,7.31143273635985
abl_sigma_seed2_e10,r18_3_TrROS_Hall,989,0.15,top,148,42,0.28378378378378377,0.14964610717896865,1.8963659605551497
abl_sigma_seed2_e10,r18_3_TrROS_Hall,989,0.15,bot,148,114,0.7702702702702703,0.14964610717896865,5.1472790357925495
abl_sigma_seed3_e13,1GYZ,1125,0.05,top,56,3,0.05357142857142857,0.049777777777777775,1.0762117346938775
abl_sigma_seed3_e13,1GYZ,1125,0.05,bot,56,32,0.5714285714285714,0.049777777777777775,11.479591836734693
abl_sigma_seed3_e13,1GYZ,1125,0.1,top,112,20,0.17857142857142858,0.09955555555555555,1.793686224489796
abl_sigma_seed3_e13,1GYZ,1125,0.1,bot,112,62,0.5535714285714286,0.09955555555555555,5.560427295918368
abl_sigma_seed3_e13,1GYZ,1125,0.15,top,168,39,0.23214285714285715,0.14933333333333335,1.5545280612244896
abl_sigma_seed3_e13,1GYZ,1125,0.15,bot,168,100,0.5952380952380952,0.14933333333333335,3.9859693877551017
abl_sigma_seed3_e13,1PSE,1217,0.05,top,60,13,0.21666666666666667,0.049301561216105176,4.394722222222223
abl_sigma_seed3_e13,1PSE,1217,0.05,bot,60,27,0.45,0.049301561216105176,9.1275
abl_sigma_seed3_e13,1PSE,1217,0.1,top,121,35,0.2892561983471074,0.09942481511914544,2.9092958131275184
abl_sigma_seed3_e13,1PSE,1217,0.1,bot,121,75,0.6198347107438017,0.09942481511914544,6.234205313844683
abl_sigma_seed3_e13,1PSE,1217,0.15,top,182,53,0.29120879120879123,0.1495480690221857,1.9472587851708731
abl_sigma_seed3_e13,1PSE,1217,0.15,bot,182,121,0.6648351648351648,0.1495480690221857,4.445628547276899
abl_sigma_seed3_e13,1QKH,1271,0.05,top,63,10,0.15873015873015872,0.04956726986624705,3.202317964222726
abl_sigma_seed3_e13,1QKH,1271,0.05,bot,63,27,0.42857142857142855,0.04956726986624705,8.64625850340136
abl_sigma_seed3_e13,1QKH,1271,0.1,top,127,34,0.2677165354330709,0.0999213217938631,2.6792733585467174
abl_sigma_seed3_e13,1QKH,1271,0.1,bot,127,61,0.48031496062992124,0.0999213217938631,4.806931613863227
abl_sigma_seed3_e13,1QKH,1271,0.15,top,190,58,0.30526315789473685,0.14948859166011014,2.042049861495845
abl_sigma_seed3_e13,1QKH,1271,0.15,bot,190,93,0.48947368421052634,0.14948859166011014,3.2743213296398896
abl_sigma_seed3_e13,1QP2,1082,0.05,top,54,11,0.2037037037037037,0.04990757855822551,4.081618655692729
abl_sigma_seed3_e13,1QP2,1082,0.05,bot,54,21,0.3888888888888889,0.04990757855822551,7.792181069958848
abl_sigma_seed3_e13,1QP2,1082,0.1,top,108,35,0.32407407407407407,0.09981515711645102,3.246742112482853
abl_sigma_seed3_e13,1QP2,1082,0.1,bot,108,51,0.4722222222222222,0.09981515711645102,4.7309670781893
abl_sigma_seed3_e13,1QP2,1082,0.15,top,162,58,0.35802469135802467,0.14972273567467653,2.3912513336381647
abl_sigma_seed3_e13,1QP2,1082,0.15,bot,162,91,0.5617283950617284,0.14972273567467653,3.751790885535742
abl_sigma_seed3_e13,1TUC,1043,0.05,top,52,13,0.25,0.04985618408437201,5.014423076923077
abl_sigma_seed3_e13,1TUC,1043,0.05,bot,52,31,0.5961538461538461,0.04985618408437201,11.957470414201183
abl_sigma_seed3_e13,1TUC,1043,0.1,top,104,36,0.34615384615384615,0.09971236816874401,3.471523668639053
abl_sigma_seed3_e13,1TUC,1043,0.1,bot,104,61,0.5865384615384616,0.09971236816874401,5.88230399408284
abl_sigma_seed3_e13,1TUC,1043,0.15,top,156,66,0.4230769230769231,0.14956855225311602,2.8286489151873764
abl_sigma_seed3_e13,1TUC,1043,0.15,bot,156,104,0.6666666666666666,0.14956855225311602,4.4572649572649565
abl_sigma_seed3_e13,1W4H,801,0.05,top,40,15,0.375,0.049937578027465665,7.509375
abl_sigma_seed3_e13,1W4H,801,0.05,bot,40,25,0.625,0.049937578027465665,12.515625
abl_sigma_seed3_e13,1W4H,801,0.1,top,80,27,0.3375,0.09987515605493133,3.3792187500000006
abl_sigma_seed3_e13,1W4H,801,0.1,bot,80,58,0.725,0.09987515605493133,7.259062500000001
abl_sigma_seed3_e13,1W4H,801,0.15,top,120,46,0.38333333333333336,0.149812734082397,2.5587500000000003
abl_sigma_seed3_e13,1W4H,801,0.15,bot,120,90,0.75,0.149812734082397,5.00625
abl_sigma_seed3_e13,2BTH,800,0.05,top,40,13,0.325,0.05,6.5
abl_sigma_seed3_e13,2BTH,800,0.05,bot,40,26,0.65,0.05,13.0
abl_sigma_seed3_e13,2BTH,800,0.1,top,80,31,0.3875,0.1,3.875
abl_sigma_seed3_e13,2BTH,800,0.1,bot,80,53,0.6625,0.1,6.624999999999999
abl_sigma_seed3_e13,2BTH,800,0.15,top,120,51,0.425,0.15,2.8333333333333335
abl_sigma_seed3_e13,2BTH,800,0.15,bot,120,88,0.7333333333333333,0.15,4.888888888888888
abl_sigma_seed3_e13,2K1B,933,0.05,top,46,20,0.43478260869565216,0.04930332261521972,8.818525519848771
abl_sigma_seed3_e13,2K1B,933,0.05,bot,46,22,0.4782608695652174,0.04930332261521972,9.700378071833649
abl_sigma_seed3_e13,2K1B,933,0.1,top,93,43,0.46236559139784944,0.09967845659163987,4.638570933055845
abl_sigma_seed3_e13,2K1B,933,0.1,bot,93,66,0.7096774193548387,0.09967845659163987,7.119667013527575
abl_sigma_seed3_e13,2K1B,933,0.15,top,139,73,0.5251798561151079,0.1489817792068596,3.525128098959681
abl_sigma_seed3_e13,2K1B,933,0.15,bot,139,98,0.7050359712230215,0.1489817792068596,4.732363749288338
abl_sigma_seed3_e13,2K28,919,0.05,top,45,17,0.37777777777777777,0.04896626768226333,7.715061728395061
abl_sigma_seed3_e13,2K28,919,0.05,bot,45,27,0.6,0.04896626768226333,12.253333333333332
abl_sigma_seed3_e13,2K28,919,0.1,top,91,34,0.37362637362637363,0.09902067464635474,3.773215795193817
abl_sigma_seed3_e13,2K28,919,0.1,bot,91,56,0.6153846153846154,0.09902067464635474,6.214708368554523
abl_sigma_seed3_e13,2K28,919,0.15,top,137,66,0.48175182481751827,0.14907508161044614,3.2316053066226225
abl_sigma_seed3_e13,2K28,919,0.15,bot,137,98,0.7153284671532847,0.14907508161044614,4.798444243166925
abl_sigma_seed3_e13,2K5H,1124,0.05,top,56,9,0.16071428571428573,0.0498220640569395,3.225765306122449
abl_sigma_seed3_e13,2K5H,1124,0.05,bot,56,30,0.5357142857142857,0.0498220640569395,10.752551020408163
abl_sigma_seed3_e13,2K5H,1124,0.1,top,112,31,0.2767857142857143,0.099644128113879,2.777742346938776
abl_sigma_seed3_e13,2K5H,1124,0.1,bot,112,82,0.7321428571428571,0.099644128113879,7.347576530612245
abl_sigma_seed3_e13,2K5H,1124,0.15,top,168,64,0.38095238095238093,0.1494661921708185,2.54875283446712
abl_sigma_seed3_e13,2K5H,1124,0.15,bot,168,128,0.7619047619047619,0.1494661921708185,5.09750566893424
abl_sigma_seed3_e13,2KVS,1206,0.05,top,60,4,0.06666666666666667,0.04975124378109453,1.3399999999999999
abl_sigma_seed3_e13,2KVS,1206,0.05,bot,60,8,0.13333333333333333,0.04975124378109453,2.6799999999999997
abl_sigma_seed3_e13,2KVS,1206,0.1,top,120,20,0.16666666666666666,0.09950248756218906,1.6749999999999998
abl_sigma_seed3_e13,2KVS,1206,0.1,bot,120,22,0.18333333333333332,0.09950248756218906,1.8424999999999998
abl_sigma_seed3_e13,2KVS,1206,0.15,top,180,38,0.2111111111111111,0.14925373134328357,1.4144444444444446
abl_sigma_seed3_e13,2KVS,1206,0.15,bot,180,43,0.2388888888888889,0.14925373134328357,1.6005555555555557
abl_sigma_seed3_e13,2KWH,979,0.05,top,48,20,0.4166666666666667,0.049029622063329927,8.49826388888889
abl_sigma_seed3_e13,2KWH,979,0.05,bot,48,23,0.4791666666666667,0.049029622063329927,9.773003472222223
abl_sigma_seed3_e13,2KWH,979,0.1,top,97,43,0.44329896907216493,0.09908069458631256,4.474120522903602
abl_sigma_seed3_e13,2KWH,979,0.1,bot,97,63,0.6494845360824743,0.09908069458631256,6.555106812626209
abl_sigma_seed3_e13,2KWH,979,0.15,top,146,69,0.4726027397260274,0.1491317671092952,3.1690279602176767
abl_sigma_seed3_e13,2KWH,979,0.15,bot,146,98,0.6712328767123288,0.1491317671092952,4.50093826233815
abl_sigma_seed3_e13,2KXD,1172,0.05,top,58,3,0.05172413793103448,0.04948805460750853,1.0451843043995244
abl_sigma_seed3_e13,2KXD,1172,0.05,bot,58,34,0.5862068965517241,0.04948805460750853,11.845422116527942
abl_sigma_seed3_e13,2KXD,1172,0.1,top,117,22,0.18803418803418803,0.09982935153583618,1.8835561399663963
abl_sigma_seed3_e13,2KXD,1172,0.1,bot,117,79,0.6752136752136753,0.09982935153583618,6.763678866242969
abl_sigma_seed3_e13,2KXD,1172,0.15,top,175,51,0.2914285714285714,0.1493174061433447,1.951738775510204
abl_sigma_seed3_e13,2KXD,1172,0.15,bot,175,129,0.7371428571428571,0.1493174061433447,4.936751020408163
abl_sigma_seed3_e13,2L33,1333,0.05,top,66,9,0.13636363636363635,0.04951237809452363,2.7541322314049586
abl_sigma_seed3_e13,2L33,1333,0.05,bot,66,42,0.6363636363636364,0.04951237809452363,12.852617079889807
abl_sigma_seed3_e13,2L33,1333,0.1,top,133,28,0.21052631578947367,0.09977494373593399,2.110011871784725
abl_sigma_seed3_e13,2L33,1333,0.1,bot,133,104,0.7819548872180451,0.09977494373593399,7.837186952343264
abl_sigma_seed3_e13,2L33,1333,0.15,top,199,51,0.2562814070351759,0.14928732183045762,1.716699073255726
abl_sigma_seed3_e13,2L33,1333,0.15,bot,199,159,0.7989949748743719,0.14928732183045762,5.352061816620792
abl_sigma_seed3_e13,2LQK,989,0.05,top,49,10,0.20408163265306123,0.04954499494438827,4.11911703456893
abl_sigma_seed3_e13,2LQK,989,0.05,bot,49,12,0.24489795918367346,0.04954499494438827,4.942940441482715
abl_sigma_seed3_e13,2LQK,989,0.1,top,98,36,0.3673469387755102,0.09908998988877654,3.707205331112037
abl_sigma_seed3_e13,2LQK,989,0.1,bot,98,56,0.5714285714285714,0.09908998988877654,5.766763848396502
abl_sigma_seed3_e13,2LQK,989,0.15,top,148,64,0.43243243243243246,0.14964610717896865,2.8897005113221335
abl_sigma_seed3_e13,2LQK,989,0.15,bot,148,95,0.6418918918918919,0.14964610717896865,4.289399196493791
abl_sigma_seed3_e13,2WXC,786,0.05,top,39,19,0.48717948717948717,0.04961832061068702,9.81854043392505
abl_sigma_seed3_e13,2WXC,786,0.05,bot,39,22,0.5641025641025641,0.04961832061068702,11.368836291913215
abl_sigma_seed3_e13,2WXC,786,0.1,top,78,30,0.38461538461538464,0.09923664122137404,3.8757396449704147
abl_sigma_seed3_e13,2WXC,786,0.1,bot,78,60,0.7692307692307693,0.09923664122137404,7.751479289940829
abl_sigma_seed3_e13,2WXC,786,0.15,top,117,48,0.41025641025641024,0.14885496183206107,2.7560815253122946
abl_sigma_seed3_e13,2WXC,786,0.15,bot,117,92,0.7863247863247863,0.14885496183206107,5.282489590181898
abl_sigma_seed3_e13,3DKM,1238,0.05,top,61,9,0.14754098360655737,0.049273021001615507,2.9943563558183284
abl_sigma_seed3_e13,3DKM,1238,0.05,bot,61,28,0.45901639344262296,0.049273021001615507,9.315775329212578
abl_sigma_seed3_e13,3DKM,1238,0.1,top,123,40,0.3252032520325203,0.09935379644588045,3.2731839513517085
abl_sigma_seed3_e13,3DKM,1238,0.1,bot,123,56,0.45528455284552843,0.09935379644588045,4.582457531892392
abl_sigma_seed3_e13,3DKM,1238,0.15,top,185,75,0.40540540540540543,0.1494345718901454,2.7129291453615783
abl_sigma_seed3_e13,3DKM,1238,0.15,bot,185,97,0.5243243243243243,0.1494345718901454,3.5087216946676407
abl_sigma_seed3_e13,4C26,1159,0.05,top,57,11,0.19298245614035087,0.04918032786885246,3.9239766081871346
abl_sigma_seed3_e13,4C26,1159,0.05,bot,57,42,0.7368421052631579,0.04918032786885246,14.982456140350877
abl_sigma_seed3_e13,4C26,1159,0.1,top,115,30,0.2608695652173913,0.0992234685073339,2.6291115311909263
abl_sigma_seed3_e13,4C26,1159,0.1,bot,115,86,0.7478260869565218,0.0992234685073339,7.536786389413989
abl_sigma_seed3_e13,4C26,1159,0.15,top,173,49,0.2832369942196532,0.14926660914581535,1.8975241404657692
abl_sigma_seed3_e13,4C26,1159,0.15,bot,173,124,0.7167630057803468,0.14926660914581535,4.80189782485215
abl_sigma_seed3_e13,6EWS,1035,0.05,top,51,28,0.5490196078431373,0.04927536231884058,11.141868512110728
abl_sigma_seed3_e13,6EWS,1035,0.05,bot,51,21,0.4117647058823529,0.04927536231884058,8.356401384083044
abl_sigma_seed3_e13,6EWS,1035,0.1,top,103,47,0.4563106796116505,0.09951690821256039,4.585257799981148
abl_sigma_seed3_e13,6EWS,1035,0.1,bot,103,65,0.6310679611650486,0.09951690821256039,6.341313978697333
abl_sigma_seed3_e13,6EWS,1035,0.15,top,155,71,0.45806451612903226,0.1497584541062802,3.0586888657648283
abl_sigma_seed3_e13,6EWS,1035,0.15,bot,155,116,0.7483870967741936,0.1497584541062802,4.997294484911551
abl_sigma_seed3_e13,6EWT,1024,0.05,top,51,12,0.23529411764705882,0.0498046875,4.724336793540946
abl_sigma_seed3_e13,6EWT,1024,0.05,bot,51,30,0.5882352941176471,0.0498046875,11.810841983852365
abl_sigma_seed3_e13,6EWT,1024,0.1,top,102,33,0.3235294117647059,0.099609375,3.2479815455594006
abl_sigma_seed3_e13,6EWT,1024,0.1,bot,102,74,0.7254901960784313,0.099609375,7.283352556708958
abl_sigma_seed3_e13,6EWT,1024,0.15,top,153,58,0.3790849673202614,0.1494140625,2.5371438335682854
abl_sigma_seed3_e13,6EWT,1024,0.15,bot,153,109,0.7124183006535948,0.1494140625,4.768080652740399
abl_sigma_seed3_e13,6EWU,1009,0.05,top,50,25,0.5,0.049554013875123884,10.09
abl_sigma_seed3_e13,6EWU,1009,0.05,bot,50,32,0.64,0.049554013875123884,12.9152
abl_sigma_seed3_e13,6EWU,1009,0.1,top,100,52,0.52,0.09910802775024777,5.2468
abl_sigma_seed3_e13,6EWU,1009,0.1,bot,100,69,0.69,0.09910802775024777,6.9620999999999995
abl_sigma_seed3_e13,6EWU,1009,0.15,top,151,74,0.4900662251655629,0.14965312190287414,3.2746809350467085
abl_sigma_seed3_e13,6EWU,1009,0.15,bot,151,105,0.695364238410596,0.14965312190287414,4.64650673216087
abl_sigma_seed3_e13,HEEH_KT_rd6_0746,806,0.05,top,40,11,0.275,0.04962779156327544,5.54125
abl_sigma_seed3_e13,HEEH_KT_rd6_0746,806,0.05,bot,40,22,0.55,0.04962779156327544,11.0825
abl_sigma_seed3_e13,HEEH_KT_rd6_0746,806,0.1,top,80,34,0.425,0.09925558312655088,4.281874999999999
abl_sigma_seed3_e13,HEEH_KT_rd6_0746,806,0.1,bot,80,51,0.6375,0.09925558312655088,6.422812499999999
abl_sigma_seed3_e13,HEEH_KT_rd6_0746,806,0.15,top,120,54,0.45,0.1488833746898263,3.0225000000000004
abl_sigma_seed3_e13,HEEH_KT_rd6_0746,806,0.15,bot,120,78,0.65,0.1488833746898263,4.365833333333334
abl_sigma_seed3_e13,HEEH_KT_rd6_0793,795,0.05,top,39,6,0.15384615384615385,0.04905660377358491,3.136094674556213
abl_sigma_seed3_e13,HEEH_KT_rd6_0793,795,0.05,bot,39,12,0.3076923076923077,0.04905660377358491,6.272189349112426
abl_sigma_seed3_e13,HEEH_KT_rd6_0793,795,0.1,top,79,14,0.17721518987341772,0.09937106918238994,1.7833680499919884
abl_sigma_seed3_e13,HEEH_KT_rd6_0793,795,0.1,bot,79,38,0.4810126582278481,0.09937106918238994,4.8405704214068255
abl_sigma_seed3_e13,HEEH_KT_rd6_0793,795,0.15,top,119,32,0.2689075630252101,0.14968553459119496,1.7964832992020336
abl_sigma_seed3_e13,HEEH_KT_rd6_0793,795,0.15,bot,119,56,0.47058823529411764,0.14968553459119496,3.143845773603559
abl_sigma_seed3_e13,HHH_rd1_0142,803,0.05,top,40,3,0.075,0.049813200498132,1.505625
abl_sigma_seed3_e13,HHH_rd1_0142,803,0.05,bot,40,29,0.725,0.049813200498132,14.554375
abl_sigma_seed3_e13,HHH_rd1_0142,803,0.1,top,80,21,0.2625,0.099626400996264,2.6348437500000004
abl_sigma_seed3_e13,HHH_rd1_0142,803,0.1,bot,80,62,0.775,0.099626400996264,7.7790625
abl_sigma_seed3_e13,HHH_rd1_0142,803,0.15,top,120,46,0.38333333333333336,0.149439601494396,2.5651388888888893
abl_sigma_seed3_e13,HHH_rd1_0142,803,0.15,bot,120,93,0.775,0.149439601494396,5.186041666666667
abl_sigma_seed3_e13,HHH_rd1_0244,770,0.05,top,38,11,0.2894736842105263,0.04935064935064935,5.865650969529086
abl_sigma_seed3_e13,HHH_rd1_0244,770,0.05,bot,38,24,0.631578947368421,0.04935064935064935,12.797783933518005
abl_sigma_seed3_e13,HHH_rd1_0244,770,0.1,top,77,31,0.4025974025974026,0.1,4.025974025974026
abl_sigma_seed3_e13,HHH_rd1_0244,770,0.1,bot,77,53,0.6883116883116883,0.1,6.883116883116883
abl_sigma_seed3_e13,HHH_rd1_0244,770,0.15,top,115,61,0.5304347826086957,0.14935064935064934,3.551606805293006
abl_sigma_seed3_e13,HHH_rd1_0244,770,0.15,bot,115,84,0.7304347826086957,0.14935064935064934,4.890737240075614
abl_sigma_seed3_e13,r11_1081_TrROS_Hall,897,0.05,top,44,5,0.11363636363636363,0.04905239687848383,2.3166322314049586
abl_sigma_seed3_e13,r11_1081_TrROS_Hall,897,0.05,bot,44,35,0.7954545454545454,0.04905239687848383,16.216425619834713
abl_sigma_seed3_e13,r11_1081_TrROS_Hall,897,0.1,top,89,20,0.2247191011235955,0.09921962095875139,2.264865547279384
abl_sigma_seed3_e13,r11_1081_TrROS_Hall,897,0.1,bot,89,66,0.7415730337078652,0.09921962095875139,7.474056306021968
abl_sigma_seed3_e13,r11_1081_TrROS_Hall,897,0.15,top,134,43,0.3208955223880597,0.14938684503901895,2.148084205836489
abl_sigma_seed3_e13,r11_1081_TrROS_Hall,897,0.15,bot,134,97,0.7238805970149254,0.14938684503901895,4.845678324793941
abl_sigma_seed3_e13,r12_757_TrROS_Hall,981,0.05,top,49,22,0.4489795918367347,0.04994903160040775,8.988754685547688
abl_sigma_seed3_e13,r12_757_TrROS_Hall,981,0.05,bot,49,18,0.3673469387755102,0.04994903160040775,7.3544356518117455
abl_sigma_seed3_e13,r12_757_TrROS_Hall,981,0.1,top,98,48,0.4897959183673469,0.0998980632008155,4.9029571012078295
abl_sigma_seed3_e13,r12_757_TrROS_Hall,981,0.1,bot,98,52,0.5306122448979592,0.0998980632008155,5.311536859641816
abl_sigma_seed3_e13,r12_757_TrROS_Hall,981,0.15,top,147,70,0.47619047619047616,0.14984709480122324,3.1778425655976674
abl_sigma_seed3_e13,r12_757_TrROS_Hall,981,0.15,bot,147,92,0.6258503401360545,0.14984709480122324,4.176593086214078
abl_sigma_seed3_e13,r18_3_TrROS_Hall,989,0.05,top,49,3,0.061224489795918366,0.04954499494438827,1.2357351103706788
abl_sigma_seed3_e13,r18_3_TrROS_Hall,989,0.05,bot,49,30,0.6122448979591837,0.04954499494438827,12.357351103706788
abl_sigma_seed3_e13,r18_3_TrROS_Hall,989,0.1,top,98,17,0.17346938775510204,0.09908998988877654,1.750624739691795
abl_sigma_seed3_e13,r18_3_TrROS_Hall,989,0.1,bot,98,75,0.7653061224489796,0.09908998988877654,7.723344439816743
abl_sigma_seed3_e13,r18_3_TrROS_Hall,989,0.15,top,148,44,0.2972972972972973,0.14964610717896865,1.9866691015339666
abl_sigma_seed3_e13,r18_3_TrROS_Hall,989,0.15,bot,148,113,0.7635135135135135,0.14964610717896865,5.102127465303141
abl_sigma_seed42_e9,1GYZ,1125,0.05,top,56,4,0.07142857142857142,0.049777777777777775,1.4349489795918366
abl_sigma_seed42_e9,1GYZ,1125,0.05,bot,56,30,0.5357142857142857,0.049777777777777775,10.762117346938776
abl_sigma_seed42_e9,1GYZ,1125,0.1,top,112,20,0.17857142857142858,0.09955555555555555,1.793686224489796
abl_sigma_seed42_e9,1GYZ,1125,0.1,bot,112,59,0.5267857142857143,0.09955555555555555,5.291374362244898
abl_sigma_seed42_e9,1GYZ,1125,0.15,top,168,43,0.25595238095238093,0.14933333333333335,1.7139668367346936
abl_sigma_seed42_e9,1GYZ,1125,0.15,bot,168,100,0.5952380952380952,0.14933333333333335,3.9859693877551017
abl_sigma_seed42_e9,1PSE,1217,0.05,top,60,11,0.18333333333333332,0.049301561216105176,3.718611111111111
abl_sigma_seed42_e9,1PSE,1217,0.05,bot,60,27,0.45,0.049301561216105176,9.1275
abl_sigma_seed42_e9,1PSE,1217,0.1,top,121,29,0.2396694214876033,0.09942481511914544,2.410559388019944
abl_sigma_seed42_e9,1PSE,1217,0.1,bot,121,74,0.6115702479338843,0.09942481511914544,6.151082576326753
abl_sigma_seed42_e9,1PSE,1217,0.15,top,182,49,0.2692307692307692,0.1495480690221857,1.8002958579881656
abl_sigma_seed42_e9,1PSE,1217,0.15,bot,182,122,0.6703296703296703,0.1495480690221857,4.482369279072575
abl_sigma_seed42_e9,1QKH,1271,0.05,top,63,6,0.09523809523809523,0.04956726986624705,1.9213907785336355
abl_sigma_seed42_e9,1QKH,1271,0.05,bot,63,26,0.4126984126984127,0.04956726986624705,8.326026706979087
abl_sigma_seed42_e9,1QKH,1271,0.1,top,127,26,0.2047244094488189,0.0999213217938631,2.0488560977121955
abl_sigma_seed42_e9,1QKH,1271,0.1,bot,127,56,0.4409448818897638,0.0999213217938631,4.412920825841652
abl_sigma_seed42_e9,1QKH,1271,0.15,top,190,53,0.2789473684210526,0.14948859166011014,1.86601108033241
abl_sigma_seed42_e9,1QKH,1271,0.15,bot,190,88,0.4631578947368421,0.14948859166011014,3.0982825484764547
abl_sigma_seed42_e9,1QP2,1082,0.05,top,54,11,0.2037037037037037,0.04990757855822551,4.081618655692729
abl_sigma_seed42_e9,1QP2,1082,0.05,bot,54,22,0.4074074074074074,0.04990757855822551,8.163237311385458
abl_sigma_seed42_e9,1QP2,1082,0.1,top,108,34,0.3148148148148148,0.09981515711645102,3.1539780521262
abl_sigma_seed42_e9,1QP2,1082,0.1,bot,108,50,0.46296296296296297,0.09981515711645102,4.638203017832647
abl_sigma_seed42_e9,1QP2,1082,0.15,top,162,63,0.3888888888888889,0.14972273567467653,2.5973936899862826
abl_sigma_seed42_e9,1QP2,1082,0.15,bot,162,89,0.5493827160493827,0.14972273567467653,3.669333942996494
abl_sigma_seed42_e9,1TUC,1043,0.05,top,52,18,0.34615384615384615,0.04985618408437201,6.943047337278106
abl_sigma_seed42_e9,1TUC,1043,0.05,bot,52,30,0.5769230769230769,0.04985618408437201,11.571745562130175
abl_sigma_seed42_e9,1TUC,1043,0.1,top,104,42,0.40384615384615385,0.09971236816874401,4.050110946745562
abl_sigma_seed42_e9,1TUC,1043,0.1,bot,104,60,0.5769230769230769,0.09971236816874401,5.785872781065088
abl_sigma_seed42_e9,1TUC,1043,0.15,top,156,68,0.4358974358974359,0.14956855225311602,2.9143655489809333
abl_sigma_seed42_e9,1TUC,1043,0.15,bot,156,101,0.6474358974358975,0.14956855225311602,4.328690006574622
abl_sigma_seed42_e9,1W4H,801,0.05,top,40,15,0.375,0.049937578027465665,7.509375
abl_sigma_seed42_e9,1W4H,801,0.05,bot,40,26,0.65,0.049937578027465665,13.016250000000001
abl_sigma_seed42_e9,1W4H,801,0.1,top,80,26,0.325,0.09987515605493133,3.2540625000000003
abl_sigma_seed42_e9,1W4H,801,0.1,bot,80,60,0.75,0.09987515605493133,7.509375
abl_sigma_seed42_e9,1W4H,801,0.15,top,120,47,0.39166666666666666,0.149812734082397,2.614375
abl_sigma_seed42_e9,1W4H,801,0.15,bot,120,92,0.7666666666666667,0.149812734082397,5.117500000000001
abl_sigma_seed42_e9,2BTH,800,0.05,top,40,15,0.375,0.05,7.5
abl_sigma_seed42_e9,2BTH,800,0.05,bot,40,23,0.575,0.05,11.499999999999998
abl_sigma_seed42_e9,2BTH,800,0.1,top,80,31,0.3875,0.1,3.875
abl_sigma_seed42_e9,2BTH,800,0.1,bot,80,53,0.6625,0.1,6.624999999999999
abl_sigma_seed42_e9,2BTH,800,0.15,top,120,46,0.38333333333333336,0.15,2.555555555555556
abl_sigma_seed42_e9,2BTH,800,0.15,bot,120,93,0.775,0.15,5.166666666666667
abl_sigma_seed42_e9,2K1B,933,0.05,top,46,20,0.43478260869565216,0.04930332261521972,8.818525519848771
abl_sigma_seed42_e9,2K1B,933,0.05,bot,46,21,0.45652173913043476,0.04930332261521972,9.25945179584121
abl_sigma_seed42_e9,2K1B,933,0.1,top,93,42,0.45161290322580644,0.09967845659163987,4.530697190426639
abl_sigma_seed42_e9,2K1B,933,0.1,bot,93,63,0.6774193548387096,0.09967845659163987,6.796045785639958
abl_sigma_seed42_e9,2K1B,933,0.15,top,139,67,0.48201438848920863,0.1489817792068596,3.2353915428808033
abl_sigma_seed42_e9,2K1B,933,0.15,bot,139,98,0.7050359712230215,0.1489817792068596,4.732363749288338
abl_sigma_seed42_e9,2K28,919,0.05,top,45,15,0.3333333333333333,0.04896626768226333,6.807407407407407
abl_sigma_seed42_e9,2K28,919,0.05,bot,45,26,0.5777777777777777,0.04896626768226333,11.799506172839505
abl_sigma_seed42_e9,2K28,919,0.1,top,91,37,0.4065934065934066,0.09902067464635474,4.106146600652095
abl_sigma_seed42_e9,2K28,919,0.1,bot,91,53,0.5824175824175825,0.09902067464635474,5.881777563096245
abl_sigma_seed42_e9,2K28,919,0.15,top,137,65,0.4744525547445255,0.14907508161044614,3.1826415898556126
abl_sigma_seed42_e9,2K28,919,0.15,bot,137,100,0.7299270072992701,0.14907508161044614,4.896371676700943
abl_sigma_seed42_e9,2K5H,1124,0.05,top,56,5,0.08928571428571429,0.0498220640569395,1.7920918367346939
abl_sigma_seed42_e9,2K5H,1124,0.05,bot,56,28,0.5,0.0498220640569395,10.035714285714286
abl_sigma_seed42_e9,2K5H,1124,0.1,top,112,32,0.2857142857142857,0.099644128113879,2.86734693877551
abl_sigma_seed42_e9,2K5H,1124,0.1,bot,112,81,0.7232142857142857,0.099644128113879,7.25797193877551
abl_sigma_seed42_e9,2K5H,1124,0.15,top,168,60,0.35714285714285715,0.1494661921708185,2.3894557823129254
abl_sigma_seed42_e9,2K5H,1124,0.15,bot,168,128,0.7619047619047619,0.1494661921708185,5.09750566893424
abl_sigma_seed42_e9,2KVS,1206,0.05,top,60,4,0.06666666666666667,0.04975124378109453,1.3399999999999999
abl_sigma_seed42_e9,2KVS,1206,0.05,bot,60,17,0.2833333333333333,0.04975124378109453,5.694999999999999
abl_sigma_seed42_e9,2KVS,1206,0.1,top,120,18,0.15,0.09950248756218906,1.5074999999999998
abl_sigma_seed42_e9,2KVS,1206,0.1,bot,120,39,0.325,0.09950248756218906,3.26625
abl_sigma_seed42_e9,2KVS,1206,0.15,top,180,31,0.17222222222222222,0.14925373134328357,1.153888888888889
abl_sigma_seed42_e9,2KVS,1206,0.15,bot,180,69,0.38333333333333336,0.14925373134328357,2.568333333333334
abl_sigma_seed42_e9,2KWH,979,0.05,top,48,20,0.4166666666666667,0.049029622063329927,8.49826388888889
abl_sigma_seed42_e9,2KWH,979,0.05,bot,48,29,0.6041666666666666,0.049029622063329927,12.32248263888889
abl_sigma_seed42_e9,2KWH,979,0.1,top,97,49,0.5051546391752577,0.09908069458631256,5.098416409820384
abl_sigma_seed42_e9,2KWH,979,0.1,bot,97,70,0.7216494845360825,0.09908069458631256,7.283452014029121
abl_sigma_seed42_e9,2KWH,979,0.15,top,146,68,0.4657534246575342,0.1491317671092952,3.1231000187652462
abl_sigma_seed42_e9,2KWH,979,0.15,bot,146,112,0.7671232876712328,0.1491317671092952,5.143929442672171
abl_sigma_seed42_e9,2KXD,1172,0.05,top,58,1,0.017241379310344827,0.04948805460750853,0.34839476813317477
abl_sigma_seed42_e9,2KXD,1172,0.05,bot,58,34,0.5862068965517241,0.04948805460750853,11.845422116527942
abl_sigma_seed42_e9,2KXD,1172,0.1,top,117,17,0.1452991452991453,0.09982935153583618,1.4554751990649428
abl_sigma_seed42_e9,2KXD,1172,0.1,bot,117,76,0.6495726495726496,0.09982935153583618,6.506830301702097
abl_sigma_seed42_e9,2KXD,1172,0.15,top,175,43,0.24571428571428572,0.1493174061433447,1.6455836734693878
abl_sigma_seed42_e9,2KXD,1172,0.15,bot,175,129,0.7371428571428571,0.1493174061433447,4.936751020408163
abl_sigma_seed42_e9,2L33,1333,0.05,top,66,6,0.09090909090909091,0.04951237809452363,1.8360881542699725
abl_sigma_seed42_e9,2L33,1333,0.05,bot,66,38,0.5757575757575758,0.04951237809452363,11.628558310376494
abl_sigma_seed42_e9,2L33,1333,0.1,top,133,30,0.22556390977443608,0.09977494373593399,2.2607270054836337
abl_sigma_seed42_e9,2L33,1333,0.1,bot,133,101,0.7593984962406015,0.09977494373593399,7.611114251794901
abl_sigma_seed42_e9,2L33,1333,0.15,top,199,55,0.27638190954773867,0.14928732183045762,1.8513421378248023
abl_sigma_seed42_e9,2L33,1333,0.15,bot,199,160,0.8040201005025126,0.14928732183045762,5.385722582763061
abl_sigma_seed42_e9,2LQK,989,0.05,top,49,12,0.24489795918367346,0.04954499494438827,4.942940441482715
abl_sigma_seed42_e9,2LQK,989,0.05,bot,49,11,0.22448979591836735,0.04954499494438827,4.531028738025823
abl_sigma_seed42_e9,2LQK,989,0.1,top,98,38,0.3877551020408163,0.09908998988877654,3.913161182840483
abl_sigma_seed42_e9,2LQK,989,0.1,bot,98,53,0.5408163265306123,0.09908998988877654,5.4578300708038325
abl_sigma_seed42_e9,2LQK,989,0.15,top,148,66,0.44594594594594594,0.14964610717896865,2.9800036523009497
abl_sigma_seed42_e9,2LQK,989,0.15,bot,148,98,0.6621621621621622,0.14964610717896865,4.424853907962016
abl_sigma_seed42_e9,2WXC,786,0.05,top,39,16,0.41025641025641024,0.04961832061068702,8.268244575936883
abl_sigma_seed42_e9,2WXC,786,0.05,bot,39,24,0.6153846153846154,0.04961832061068702,12.402366863905327
abl_sigma_seed42_e9,2WXC,786,0.1,top,78,32,0.41025641025641024,0.09923664122137404,4.134122287968442
abl_sigma_seed42_e9,2WXC,786,0.1,bot,78,60,0.7692307692307693,0.09923664122137404,7.751479289940829
abl_sigma_seed42_e9,2WXC,786,0.15,top,117,44,0.37606837606837606,0.14885496183206107,2.5264080648696035
abl_sigma_seed42_e9,2WXC,786,0.15,bot,117,95,0.811965811965812,0.14885496183206107,5.454744685513917
abl_sigma_seed42_e9,3DKM,1238,0.05,top,61,6,0.09836065573770492,0.049273021001615507,1.9962375705455524
abl_sigma_seed42_e9,3DKM,1238,0.05,bot,61,28,0.45901639344262296,0.049273021001615507,9.315775329212578
abl_sigma_seed42_e9,3DKM,1238,0.1,top,123,37,0.3008130081300813,0.09935379644588045,3.027695155000331
abl_sigma_seed42_e9,3DKM,1238,0.1,bot,123,53,0.43089430894308944,0.09935379644588045,4.3369687355410145
abl_sigma_seed42_e9,3DKM,1238,0.15,top,185,74,0.4,0.1494345718901454,2.676756756756757
abl_sigma_seed42_e9,3DKM,1238,0.15,bot,185,96,0.518918918918919,0.1494345718901454,3.47254930606282
abl_sigma_seed42_e9,4C26,1159,0.05,top,57,12,0.21052631578947367,0.04918032786885246,4.280701754385965
abl_sigma_seed42_e9,4C26,1159,0.05,bot,57,44,0.7719298245614035,0.04918032786885246,15.695906432748538
abl_sigma_seed42_e9,4C26,1159,0.1,top,115,27,0.23478260869565218,0.0992234685073339,2.366200378071834
abl_sigma_seed42_e9,4C26,1159,0.1,bot,115,85,0.7391304347826086,0.0992234685073339,7.449149338374291
abl_sigma_seed42_e9,4C26,1159,0.15,top,173,43,0.24855491329479767,0.14926660914581535,1.6651742457148584
abl_sigma_seed42_e9,4C26,1159,0.15,bot,173,129,0.7456647398843931,0.14926660914581535,4.995522737144576
abl_sigma_seed42_e9,6EWS,1035,0.05,top,51,26,0.5098039215686274,0.04927536231884058,10.346020761245674
abl_sigma_seed42_e9,6EWS,1035,0.05,bot,51,22,0.43137254901960786,0.04927536231884058,8.754325259515571
abl_sigma_seed42_e9,6EWS,1035,0.1,top,103,50,0.4854368932038835,0.09951690821256039,4.877933829767179
abl_sigma_seed42_e9,6EWS,1035,0.1,bot,103,69,0.6699029126213593,0.09951690821256039,6.731548685078707
abl_sigma_seed42_e9,6EWS,1035,0.15,top,155,76,0.49032258064516127,0.1497584541062802,3.274089490114464
abl_sigma_seed42_e9,6EWS,1035,0.15,bot,155,123,0.7935483870967742,0.1497584541062802,5.298855359001041
abl_sigma_seed42_e9,6EWT,1024,0.05,top,51,12,0.23529411764705882,0.0498046875,4.724336793540946
abl_sigma_seed42_e9,6EWT,1024,0.05,bot,51,30,0.5882352941176471,0.0498046875,11.810841983852365
abl_sigma_seed42_e9,6EWT,1024,0.1,top,102,32,0.3137254901960784,0.099609375,3.1495578623606306
abl_sigma_seed42_e9,6EWT,1024,0.1,bot,102,69,0.6764705882352942,0.099609375,6.79123414071511
abl_sigma_seed42_e9,6EWT,1024,0.15,top,153,58,0.3790849673202614,0.1494140625,2.5371438335682854
abl_sigma_seed42_e9,6EWT,1024,0.15,bot,153,113,0.738562091503268,0.1494140625,4.943056089538212
abl_sigma_seed42_e9,6EWU,1009,0.05,top,50,25,0.5,0.049554013875123884,10.09
abl_sigma_seed42_e9,6EWU,1009,0.05,bot,50,32,0.64,0.049554013875123884,12.9152
abl_sigma_seed42_e9,6EWU,1009,0.1,top,100,52,0.52,0.09910802775024777,5.2468
abl_sigma_seed42_e9,6EWU,1009,0.1,bot,100,70,0.7,0.09910802775024777,7.063
abl_sigma_seed42_e9,6EWU,1009,0.15,top,151,77,0.5099337748344371,0.14965312190287414,3.407438270251305
abl_sigma_seed42_e9,6EWU,1009,0.15,bot,151,110,0.7284768211920529,0.14965312190287414,4.8677689575018634
abl_sigma_seed42_e9,HEEH_KT_rd6_0746,806,0.05,top,40,4,0.1,0.04962779156327544,2.015
abl_sigma_seed42_e9,HEEH_KT_rd6_0746,806,0.05,bot,40,22,0.55,0.04962779156327544,11.0825
abl_sigma_seed42_e9,HEEH_KT_rd6_0746,806,0.1,top,80,26,0.325,0.09925558312655088,3.274375
abl_sigma_seed42_e9,HEEH_KT_rd6_0746,806,0.1,bot,80,46,0.575,0.09925558312655088,5.793124999999999
abl_sigma_seed42_e9,HEEH_KT_rd6_0746,806,0.15,top,120,50,0.4166666666666667,0.1488833746898263,2.7986111111111116
abl_sigma_seed42_e9,HEEH_KT_rd6_0746,806,0.15,bot,120,77,0.6416666666666667,0.1488833746898263,4.309861111111112
abl_sigma_seed42_e9,HEEH_KT_rd6_0793,795,0.05,top,39,6,0.15384615384615385,0.04905660377358491,3.136094674556213
abl_sigma_seed42_e9,HEEH_KT_rd6_0793,795,0.05,bot,39,8,0.20512820512820512,0.04905660377358491,4.181459566074951
abl_sigma_seed42_e9,HEEH_KT_rd6_0793,795,0.1,top,79,16,0.20253164556962025,0.09937106918238994,2.038134914276558
abl_sigma_seed42_e9,HEEH_KT_rd6_0793,795,0.1,bot,79,28,0.35443037974683544,0.09937106918238994,3.566736099983977
abl_sigma_seed42_e9,HEEH_KT_rd6_0793,795,0.15,top,119,36,0.3025210084033613,0.14968553459119496,2.021043711602288
abl_sigma_seed42_e9,HEEH_KT_rd6_0793,795,0.15,bot,119,45,0.37815126050420167,0.14968553459119496,2.52630463950286
abl_sigma_seed42_e9,HHH_rd1_0142,803,0.05,top,40,5,0.125,0.049813200498132,2.509375
abl_sigma_seed42_e9,HHH_rd1_0142,803,0.05,bot,40,22,0.55,0.049813200498132,11.041250000000002
abl_sigma_seed42_e9,HHH_rd1_0142,803,0.1,top,80,24,0.3,0.099626400996264,3.01125
abl_sigma_seed42_e9,HHH_rd1_0142,803,0.1,bot,80,59,0.7375,0.099626400996264,7.402656250000001
abl_sigma_seed42_e9,HHH_rd1_0142,803,0.15,top,120,52,0.43333333333333335,0.149439601494396,2.8997222222222225
abl_sigma_seed42_e9,HHH_rd1_0142,803,0.15,bot,120,90,0.75,0.149439601494396,5.018750000000001
abl_sigma_seed42_e9,HHH_rd1_0244,770,0.05,top,38,9,0.23684210526315788,0.04935064935064935,4.799168975069252
abl_sigma_seed42_e9,HHH_rd1_0244,770,0.05,bot,38,26,0.6842105263157895,0.04935064935064935,13.864265927977838
abl_sigma_seed42_e9,HHH_rd1_0244,770,0.1,top,77,30,0.38961038961038963,0.1,3.896103896103896
abl_sigma_seed42_e9,HHH_rd1_0244,770,0.1,bot,77,57,0.7402597402597403,0.1,7.402597402597403
abl_sigma_seed42_e9,HHH_rd1_0244,770,0.15,top,115,60,0.5217391304347826,0.14935064935064934,3.493383742911153
abl_sigma_seed42_e9,HHH_rd1_0244,770,0.15,bot,115,83,0.7217391304347827,0.14935064935064934,4.832514177693763
abl_sigma_seed42_e9,r11_1081_TrROS_Hall,897,0.05,top,44,3,0.06818181818181818,0.04905239687848383,1.389979338842975
abl_sigma_seed42_e9,r11_1081_TrROS_Hall,897,0.05,bot,44,34,0.7727272727272727,0.04905239687848383,15.75309917355372
abl_sigma_seed42_e9,r11_1081_TrROS_Hall,897,0.1,top,89,20,0.2247191011235955,0.09921962095875139,2.264865547279384
abl_sigma_seed42_e9,r11_1081_TrROS_Hall,897,0.1,bot,89,65,0.7303370786516854,0.09921962095875139,7.360813028657998
abl_sigma_seed42_e9,r11_1081_TrROS_Hall,897,0.15,top,134,43,0.3208955223880597,0.14938684503901895,2.148084205836489
abl_sigma_seed42_e9,r11_1081_TrROS_Hall,897,0.15,bot,134,95,0.7089552238805971,0.14938684503901895,4.745767431499221
abl_sigma_seed42_e9,r12_757_TrROS_Hall,981,0.05,top,49,19,0.3877551020408163,0.04994903160040775,7.76301541024573
abl_sigma_seed42_e9,r12_757_TrROS_Hall,981,0.05,bot,49,22,0.4489795918367347,0.04994903160040775,8.988754685547688
abl_sigma_seed42_e9,r12_757_TrROS_Hall,981,0.1,top,98,43,0.4387755102040816,0.0998980632008155,4.392232403165347
abl_sigma_seed42_e9,r12_757_TrROS_Hall,981,0.1,bot,98,58,0.5918367346938775,0.0998980632008155,5.924406497292795
abl_sigma_seed42_e9,r12_757_TrROS_Hall,981,0.15,top,147,68,0.46258503401360546,0.14984709480122324,3.087047063723449
abl_sigma_seed42_e9,r12_757_TrROS_Hall,981,0.15,bot,147,103,0.7006802721088435,0.14984709480122324,4.675968346522282
abl_sigma_seed42_e9,r18_3_TrROS_Hall,989,0.05,top,49,4,0.08163265306122448,0.04954499494438827,1.6476468138275717
abl_sigma_seed42_e9,r18_3_TrROS_Hall,989,0.05,bot,49,30,0.6122448979591837,0.04954499494438827,12.357351103706788
abl_sigma_seed42_e9,r18_3_TrROS_Hall,989,0.1,top,98,20,0.20408163265306123,0.09908998988877654,2.059558517284465
abl_sigma_seed42_e9,r18_3_TrROS_Hall,989,0.1,bot,98,70,0.7142857142857143,0.09908998988877654,7.208454810495627
abl_sigma_seed42_e9,r18_3_TrROS_Hall,989,0.15,top,148,42,0.28378378378378377,0.14964610717896865,1.8963659605551497
abl_sigma_seed42_e9,r18_3_TrROS_Hall,989,0.15,bot,148,109,0.7364864864864865,0.14964610717896865,4.921521183345508
abl_sigma_seed4_e14,1GYZ,1125,0.05,top,56,6,0.10714285714285714,0.049777777777777775,2.152423469387755
abl_sigma_seed4_e14,1GYZ,1125,0.05,bot,56,28,0.5,0.049777777777777775,10.044642857142858
abl_sigma_seed4_e14,1GYZ,1125,0.1,top,112,26,0.23214285714285715,0.09955555555555555,2.3317920918367347
abl_sigma_seed4_e14,1GYZ,1125,0.1,bot,112,62,0.5535714285714286,0.09955555555555555,5.560427295918368
abl_sigma_seed4_e14,1GYZ,1125,0.15,top,168,44,0.2619047619047619,0.14933333333333335,1.753826530612245
abl_sigma_seed4_e14,1GYZ,1125,0.15,bot,168,98,0.5833333333333334,0.14933333333333335,3.90625
abl_sigma_seed4_e14,1PSE,1217,0.05,top,60,11,0.18333333333333332,0.049301561216105176,3.718611111111111
abl_sigma_seed4_e14,1PSE,1217,0.05,bot,60,27,0.45,0.049301561216105176,9.1275
abl_sigma_seed4_e14,1PSE,1217,0.1,top,121,32,0.2644628099173554,0.09942481511914544,2.6599276005737313
abl_sigma_seed4_e14,1PSE,1217,0.1,bot,121,75,0.6198347107438017,0.09942481511914544,6.234205313844683
abl_sigma_seed4_e14,1PSE,1217,0.15,top,182,52,0.2857142857142857,0.1495480690221857,1.9105180533751962
abl_sigma_seed4_e14,1PSE,1217,0.15,bot,182,121,0.6648351648351648,0.1495480690221857,4.445628547276899
abl_sigma_seed4_e14,1QKH,1271,0.05,top,63,7,0.1111111111111111,0.04956726986624705,2.241622574955908
abl_sigma_seed4_e14,1QKH,1271,0.05,bot,63,25,0.3968253968253968,0.04956726986624705,8.005794910556816
abl_sigma_seed4_e14,1QKH,1271,0.1,top,127,27,0.2125984251968504,0.0999213217938631,2.127658255316511
abl_sigma_seed4_e14,1QKH,1271,0.1,bot,127,59,0.4645669291338583,0.0999213217938631,4.6493272986545975
abl_sigma_seed4_e14,1QKH,1271,0.15,top,190,52,0.2736842105263158,0.14948859166011014,1.8308033240997232
abl_sigma_seed4_e14,1QKH,1271,0.15,bot,190,91,0.4789473684210526,0.14948859166011014,3.2039058171745154
abl_sigma_seed4_e14,1QP2,1082,0.05,top,54,11,0.2037037037037037,0.04990757855822551,4.081618655692729
abl_sigma_seed4_e14,1QP2,1082,0.05,bot,54,22,0.4074074074074074,0.04990757855822551,8.163237311385458
abl_sigma_seed4_e14,1QP2,1082,0.1,top,108,34,0.3148148148148148,0.09981515711645102,3.1539780521262
abl_sigma_seed4_e14,1QP2,1082,0.1,bot,108,50,0.46296296296296297,0.09981515711645102,4.638203017832647
abl_sigma_seed4_e14,1QP2,1082,0.15,top,162,61,0.3765432098765432,0.14972273567467653,2.5149367474470354
abl_sigma_seed4_e14,1QP2,1082,0.15,bot,162,90,0.5555555555555556,0.14972273567467653,3.7105624142661178
abl_sigma_seed4_e14,1TUC,1043,0.05,top,52,18,0.34615384615384615,0.04985618408437201,6.943047337278106
abl_sigma_seed4_e14,1TUC,1043,0.05,bot,52,31,0.5961538461538461,0.04985618408437201,11.957470414201183
abl_sigma_seed4_e14,1TUC,1043,0.1,top,104,40,0.38461538461538464,0.09971236816874401,3.8572485207100593
abl_sigma_seed4_e14,1TUC,1043,0.1,bot,104,61,0.5865384615384616,0.09971236816874401,5.88230399408284
abl_sigma_seed4_e14,1TUC,1043,0.15,top,156,65,0.4166666666666667,0.14956855225311602,2.7857905982905984
abl_sigma_seed4_e14,1TUC,1043,0.15,bot,156,104,0.6666666666666666,0.14956855225311602,4.4572649572649565
abl_sigma_seed4_e14,1W4H,801,0.05,top,40,13,0.325,0.049937578027465665,6.508125000000001
abl_sigma_seed4_e14,1W4H,801,0.05,bot,40,26,0.65,0.049937578027465665,13.016250000000001
abl_sigma_seed4_e14,1W4H,801,0.1,top,80,23,0.2875,0.09987515605493133,2.87859375
abl_sigma_seed4_e14,1W4H,801,0.1,bot,80,59,0.7375,0.09987515605493133,7.3842187500000005
abl_sigma_seed4_e14,1W4H,801,0.15,top,120,47,0.39166666666666666,0.149812734082397,2.614375
abl_sigma_seed4_e14,1W4H,801,0.15,bot,120,91,0.7583333333333333,0.149812734082397,5.061875
abl_sigma_seed4_e14,2BTH,800,0.05,top,40,10,0.25,0.05,5.0
abl_sigma_seed4_e14,2BTH,800,0.05,bot,40,23,0.575,0.05,11.499999999999998
abl_sigma_seed4_e14,2BTH,800,0.1,top,80,24,0.3,0.1,2.9999999999999996
abl_sigma_seed4_e14,2BTH,800,0.1,bot,80,52,0.65,0.1,6.5
abl_sigma_seed4_e14,2BTH,800,0.15,top,120,47,0.39166666666666666,0.15,2.611111111111111
abl_sigma_seed4_e14,2BTH,800,0.15,bot,120,89,0.7416666666666667,0.15,4.944444444444445
abl_sigma_seed4_e14,2K1B,933,0.05,top,46,22,0.4782608695652174,0.04930332261521972,9.700378071833649
abl_sigma_seed4_e14,2K1B,933,0.05,bot,46,22,0.4782608695652174,0.04930332261521972,9.700378071833649
abl_sigma_seed4_e14,2K1B,933,0.1,top,93,40,0.43010752688172044,0.09967845659163987,4.314949705168227
abl_sigma_seed4_e14,2K1B,933,0.1,bot,93,67,0.7204301075268817,0.09967845659163987,7.227540756156781
abl_sigma_seed4_e14,2K1B,933,0.15,top,139,70,0.5035971223021583,0.1489817792068596,3.380259820920242
abl_sigma_seed4_e14,2K1B,933,0.15,bot,139,103,0.7410071942446043,0.1489817792068596,4.973810879354071
abl_sigma_seed4_e14,2K28,919,0.05,top,45,14,0.3111111111111111,0.04896626768226333,6.35358024691358
abl_sigma_seed4_e14,2K28,919,0.05,bot,45,27,0.6,0.04896626768226333,12.253333333333332
abl_sigma_seed4_e14,2K28,919,0.1,top,91,35,0.38461538461538464,0.09902067464635474,3.8841927303465766
abl_sigma_seed4_e14,2K28,919,0.1,bot,91,56,0.6153846153846154,0.09902067464635474,6.214708368554523
abl_sigma_seed4_e14,2K28,919,0.15,top,137,66,0.48175182481751827,0.14907508161044614,3.2316053066226225
abl_sigma_seed4_e14,2K28,919,0.15,bot,137,96,0.7007299270072993,0.14907508161044614,4.700516809632906
abl_sigma_seed4_e14,2K5H,1124,0.05,top,56,6,0.10714285714285714,0.0498220640569395,2.1505102040816326
abl_sigma_seed4_e14,2K5H,1124,0.05,bot,56,31,0.5535714285714286,0.0498220640569395,11.110969387755103
abl_sigma_seed4_e14,2K5H,1124,0.1,top,112,28,0.25,0.099644128113879,2.5089285714285716
abl_sigma_seed4_e14,2K5H,1124,0.1,bot,112,80,0.7142857142857143,0.099644128113879,7.168367346938775
abl_sigma_seed4_e14,2K5H,1124,0.15,top,168,58,0.34523809523809523,0.1494661921708185,2.309807256235828
abl_sigma_seed4_e14,2K5H,1124,0.15,bot,168,129,0.7678571428571429,0.1494661921708185,5.13732993197279
abl_sigma_seed4_e14,2KVS,1206,0.05,top,60,4,0.06666666666666667,0.04975124378109453,1.3399999999999999
abl_sigma_seed4_e14,2KVS,1206,0.05,bot,60,15,0.25,0.04975124378109453,5.0249999999999995
abl_sigma_seed4_e14,2KVS,1206,0.1,top,120,18,0.15,0.09950248756218906,1.5074999999999998
abl_sigma_seed4_e14,2KVS,1206,0.1,bot,120,35,0.2916666666666667,0.09950248756218906,2.93125
abl_sigma_seed4_e14,2KVS,1206,0.15,top,180,34,0.18888888888888888,0.14925373134328357,1.2655555555555555
abl_sigma_seed4_e14,2KVS,1206,0.15,bot,180,63,0.35,0.14925373134328357,2.345
abl_sigma_seed4_e14,2KWH,979,0.05,top,48,20,0.4166666666666667,0.049029622063329927,8.49826388888889
abl_sigma_seed4_e14,2KWH,979,0.05,bot,48,28,0.5833333333333334,0.049029622063329927,11.897569444444446
abl_sigma_seed4_e14,2KWH,979,0.1,top,97,44,0.4536082474226804,0.09908069458631256,4.5781698373897335
abl_sigma_seed4_e14,2KWH,979,0.1,bot,97,70,0.7216494845360825,0.09908069458631256,7.283452014029121
abl_sigma_seed4_e14,2KWH,979,0.15,top,146,67,0.4589041095890411,0.1491317671092952,3.0771720773128166
abl_sigma_seed4_e14,2KWH,979,0.15,bot,146,112,0.7671232876712328,0.1491317671092952,5.143929442672171
abl_sigma_seed4_e14,2KXD,1172,0.05,top,58,3,0.05172413793103448,0.04948805460750853,1.0451843043995244
abl_sigma_seed4_e14,2KXD,1172,0.05,bot,58,33,0.5689655172413793,0.04948805460750853,11.497027348394768
abl_sigma_seed4_e14,2KXD,1172,0.1,top,117,29,0.24786324786324787,0.09982935153583618,2.4828694572284316
abl_sigma_seed4_e14,2KXD,1172,0.1,bot,117,78,0.6666666666666666,0.09982935153583618,6.678062678062678
abl_sigma_seed4_e14,2KXD,1172,0.15,top,175,52,0.29714285714285715,0.1493174061433447,1.9900081632653062
abl_sigma_seed4_e14,2KXD,1172,0.15,bot,175,131,0.7485714285714286,0.1493174061433447,5.013289795918367
abl_sigma_seed4_e14,2L33,1333,0.05,top,66,7,0.10606060606060606,0.04951237809452363,2.142102846648301
abl_sigma_seed4_e14,2L33,1333,0.05,bot,66,38,0.5757575757575758,0.04951237809452363,11.628558310376494
abl_sigma_seed4_e14,2L33,1333,0.1,top,133,31,0.23308270676691728,0.09977494373593399,2.336084572333088
abl_sigma_seed4_e14,2L33,1333,0.1,bot,133,104,0.7819548872180451,0.09977494373593399,7.837186952343264
abl_sigma_seed4_e14,2L33,1333,0.15,top,199,53,0.2663316582914573,0.14928732183045762,1.784020605540264
abl_sigma_seed4_e14,2L33,1333,0.15,bot,199,154,0.7738693467336684,0.14928732183045762,5.1837579859094465
abl_sigma_seed4_e14,2LQK,989,0.05,top,49,12,0.24489795918367346,0.04954499494438827,4.942940441482715
abl_sigma_seed4_e14,2LQK,989,0.05,bot,49,12,0.24489795918367346,0.04954499494438827,4.942940441482715
abl_sigma_seed4_e14,2LQK,989,0.1,top,98,34,0.3469387755102041,0.09908998988877654,3.50124947938359
abl_sigma_seed4_e14,2LQK,989,0.1,bot,98,49,0.5,0.09908998988877654,5.045918367346939
abl_sigma_seed4_e14,2LQK,989,0.15,top,148,68,0.4594594594594595,0.14964610717896865,3.0703067932797667
abl_sigma_seed4_e14,2LQK,989,0.15,bot,148,93,0.6283783783783784,0.14964610717896865,4.199096055514975
abl_sigma_seed4_e14,2WXC,786,0.05,top,39,13,0.3333333333333333,0.04961832061068702,6.717948717948718
abl_sigma_seed4_e14,2WXC,786,0.05,bot,39,23,0.5897435897435898,0.04961832061068702,11.88560157790927
abl_sigma_seed4_e14,2WXC,786,0.1,top,78,29,0.3717948717948718,0.09923664122137404,3.7465483234714005
abl_sigma_seed4_e14,2WXC,786,0.1,bot,78,60,0.7692307692307693,0.09923664122137404,7.751479289940829
abl_sigma_seed4_e14,2WXC,786,0.15,top,117,47,0.4017094017094017,0.14885496183206107,2.698663160201622
abl_sigma_seed4_e14,2WXC,786,0.15,bot,117,94,0.8034188034188035,0.14885496183206107,5.397326320403244
abl_sigma_seed4_e14,3DKM,1238,0.05,top,61,4,0.06557377049180328,0.049273021001615507,1.3308250470303684
abl_sigma_seed4_e14,3DKM,1238,0.05,bot,61,28,0.45901639344262296,0.049273021001615507,9.315775329212578
abl_sigma_seed4_e14,3DKM,1238,0.1,top,123,40,0.3252032520325203,0.09935379644588045,3.2731839513517085
abl_sigma_seed4_e14,3DKM,1238,0.1,bot,123,53,0.43089430894308944,0.09935379644588045,4.3369687355410145
abl_sigma_seed4_e14,3DKM,1238,0.15,top,185,75,0.40540540540540543,0.1494345718901454,2.7129291453615783
abl_sigma_seed4_e14,3DKM,1238,0.15,bot,185,96,0.518918918918919,0.1494345718901454,3.47254930606282
abl_sigma_seed4_e14,4C26,1159,0.05,top,57,14,0.24561403508771928,0.04918032786885246,4.994152046783626
abl_sigma_seed4_e14,4C26,1159,0.05,bot,57,40,0.7017543859649122,0.04918032786885246,14.269005847953215
abl_sigma_seed4_e14,4C26,1159,0.1,top,115,28,0.24347826086956523,0.0992234685073339,2.4538374291115312
abl_sigma_seed4_e14,4C26,1159,0.1,bot,115,86,0.7478260869565218,0.0992234685073339,7.536786389413989
abl_sigma_seed4_e14,4C26,1159,0.15,top,173,49,0.2832369942196532,0.14926660914581535,1.8975241404657692
abl_sigma_seed4_e14,4C26,1159,0.15,bot,173,126,0.7283236994219653,0.14926660914581535,4.87934778976912
abl_sigma_seed4_e14,6EWS,1035,0.05,top,51,26,0.5098039215686274,0.04927536231884058,10.346020761245674
abl_sigma_seed4_e14,6EWS,1035,0.05,bot,51,22,0.43137254901960786,0.04927536231884058,8.754325259515571
abl_sigma_seed4_e14,6EWS,1035,0.1,top,103,50,0.4854368932038835,0.09951690821256039,4.877933829767179
abl_sigma_seed4_e14,6EWS,1035,0.1,bot,103,67,0.6504854368932039,0.09951690821256039,6.53643133188802
abl_sigma_seed4_e14,6EWS,1035,0.15,top,155,81,0.5225806451612903,0.1497584541062802,3.4894901144641
abl_sigma_seed4_e14,6EWS,1035,0.15,bot,155,122,0.7870967741935484,0.1497584541062802,5.2557752341311135
abl_sigma_seed4_e14,6EWT,1024,0.05,top,51,11,0.21568627450980393,0.0498046875,4.330642060745867
abl_sigma_seed4_e14,6EWT,1024,0.05,bot,51,32,0.6274509803921569,0.0498046875,12.598231449442522
abl_sigma_seed4_e14,6EWT,1024,0.1,top,102,34,0.3333333333333333,0.099609375,3.3464052287581696
abl_sigma_seed4_e14,6EWT,1024,0.1,bot,102,71,0.696078431372549,0.099609375,6.988081507112649
abl_sigma_seed4_e14,6EWT,1024,0.15,top,153,59,0.38562091503267976,0.1494140625,2.580887692767739
abl_sigma_seed4_e14,6EWT,1024,0.15,bot,153,111,0.7254901960784313,0.1494140625,4.855568371139305
abl_sigma_seed4_e14,6EWU,1009,0.05,top,50,27,0.54,0.049554013875123884,10.897200000000002
abl_sigma_seed4_e14,6EWU,1009,0.05,bot,50,32,0.64,0.049554013875123884,12.9152
abl_sigma_seed4_e14,6EWU,1009,0.1,top,100,54,0.54,0.09910802775024777,5.448600000000001
abl_sigma_seed4_e14,6EWU,1009,0.1,bot,100,71,0.71,0.09910802775024777,7.1639
abl_sigma_seed4_e14,6EWU,1009,0.15,top,151,81,0.5364238410596026,0.14965312190287414,3.5844480505240996
abl_sigma_seed4_e14,6EWU,1009,0.15,bot,151,108,0.7152317880794702,0.14965312190287414,4.7792640673654665
abl_sigma_seed4_e14,HEEH_KT_rd6_0746,806,0.05,top,40,9,0.225,0.04962779156327544,4.5337499999999995
abl_sigma_seed4_e14,HEEH_KT_rd6_0746,806,0.05,bot,40,20,0.5,0.04962779156327544,10.075
abl_sigma_seed4_e14,HEEH_KT_rd6_0746,806,0.1,top,80,28,0.35,0.09925558312655088,3.5262499999999997
abl_sigma_seed4_e14,HEEH_KT_rd6_0746,806,0.1,bot,80,47,0.5875,0.09925558312655088,5.9190625
abl_sigma_seed4_e14,HEEH_KT_rd6_0746,806,0.15,top,120,47,0.39166666666666666,0.1488833746898263,2.6306944444444444
abl_sigma_seed4_e14,HEEH_KT_rd6_0746,806,0.15,bot,120,74,0.6166666666666667,0.1488833746898263,4.141944444444445
abl_sigma_seed4_e14,HEEH_KT_rd6_0793,795,0.05,top,39,4,0.10256410256410256,0.04905660377358491,2.0907297830374754
abl_sigma_seed4_e14,HEEH_KT_rd6_0793,795,0.05,bot,39,10,0.2564102564102564,0.04905660377358491,5.226824457593688
abl_sigma_seed4_e14,HEEH_KT_rd6_0793,795,0.1,top,79,11,0.13924050632911392,0.09937106918238994,1.4012177535651336
abl_sigma_seed4_e14,HEEH_KT_rd6_0793,795,0.1,bot,79,36,0.45569620253164556,0.09937106918238994,4.585803557122255
abl_sigma_seed4_e14,HEEH_KT_rd6_0793,795,0.15,top,119,31,0.2605042016806723,0.14968553459119496,1.7403431961019704
abl_sigma_seed4_e14,HEEH_KT_rd6_0793,795,0.15,bot,119,45,0.37815126050420167,0.14968553459119496,2.52630463950286
abl_sigma_seed4_e14,HHH_rd1_0142,803,0.05,top,40,5,0.125,0.049813200498132,2.509375
abl_sigma_seed4_e14,HHH_rd1_0142,803,0.05,bot,40,28,0.7,0.049813200498132,14.0525
abl_sigma_seed4_e14,HHH_rd1_0142,803,0.1,top,80,23,0.2875,0.099626400996264,2.88578125
abl_sigma_seed4_e14,HHH_rd1_0142,803,0.1,bot,80,61,0.7625,0.099626400996264,7.65359375
abl_sigma_seed4_e14,HHH_rd1_0142,803,0.15,top,120,52,0.43333333333333335,0.149439601494396,2.8997222222222225
abl_sigma_seed4_e14,HHH_rd1_0142,803,0.15,bot,120,92,0.7666666666666667,0.149439601494396,5.130277777777779
abl_sigma_seed4_e14,HHH_rd1_0244,770,0.05,top,38,8,0.21052631578947367,0.04935064935064935,4.265927977839334
abl_sigma_seed4_e14,HHH_rd1_0244,770,0.05,bot,38,24,0.631578947368421,0.04935064935064935,12.797783933518005
abl_sigma_seed4_e14,HHH_rd1_0244,770,0.1,top,77,29,0.37662337662337664,0.1,3.7662337662337664
abl_sigma_seed4_e14,HHH_rd1_0244,770,0.1,bot,77,59,0.7662337662337663,0.1,7.662337662337662
abl_sigma_seed4_e14,HHH_rd1_0244,770,0.15,top,115,61,0.5304347826086957,0.14935064935064934,3.551606805293006
abl_sigma_seed4_e14,HHH_rd1_0244,770,0.15,bot,115,84,0.7304347826086957,0.14935064935064934,4.890737240075614
abl_sigma_seed4_e14,r11_1081_TrROS_Hall,897,0.05,top,44,3,0.06818181818181818,0.04905239687848383,1.389979338842975
abl_sigma_seed4_e14,r11_1081_TrROS_Hall,897,0.05,bot,44,37,0.8409090909090909,0.04905239687848383,17.143078512396695
abl_sigma_seed4_e14,r11_1081_TrROS_Hall,897,0.1,top,89,23,0.25842696629213485,0.09921962095875139,2.604595379371292
abl_sigma_seed4_e14,r11_1081_TrROS_Hall,897,0.1,bot,89,67,0.7528089887640449,0.09921962095875139,7.587299583385936
abl_sigma_seed4_e14,r11_1081_TrROS_Hall,897,0.15,top,134,44,0.3283582089552239,0.14938684503901895,2.1980396524838497
abl_sigma_seed4_e14,r11_1081_TrROS_Hall,897,0.15,bot,134,96,0.7164179104477612,0.14938684503901895,4.795722878146581
abl_sigma_seed4_e14,r12_757_TrROS_Hall,981,0.05,top,49,23,0.46938775510204084,0.04994903160040775,9.397334443981674
abl_sigma_seed4_e14,r12_757_TrROS_Hall,981,0.05,bot,49,19,0.3877551020408163,0.04994903160040775,7.76301541024573
abl_sigma_seed4_e14,r12_757_TrROS_Hall,981,0.1,top,98,48,0.4897959183673469,0.0998980632008155,4.9029571012078295
abl_sigma_seed4_e14,r12_757_TrROS_Hall,981,0.1,bot,98,54,0.5510204081632653,0.0998980632008155,5.5158267388588085
abl_sigma_seed4_e14,r12_757_TrROS_Hall,981,0.15,top,147,71,0.48299319727891155,0.14984709480122324,3.223240316534777
abl_sigma_seed4_e14,r12_757_TrROS_Hall,981,0.15,bot,147,97,0.6598639455782312,0.14984709480122324,4.403581840899625
abl_sigma_seed4_e14,r18_3_TrROS_Hall,989,0.05,top,49,7,0.14285714285714285,0.04954499494438827,2.883381924198251
abl_sigma_seed4_e14,r18_3_TrROS_Hall,989,0.05,bot,49,32,0.6530612244897959,0.04954499494438827,13.181174510620574
abl_sigma_seed4_e14,r18_3_TrROS_Hall,989,0.1,top,98,23,0.23469387755102042,0.09908998988877654,2.3684922948771345
abl_sigma_seed4_e14,r18_3_TrROS_Hall,989,0.1,bot,98,70,0.7142857142857143,0.09908998988877654,7.208454810495627
abl_sigma_seed4_e14,r18_3_TrROS_Hall,989,0.15,top,148,43,0.2905405405405405,0.14964610717896865,1.941517531044558
abl_sigma_seed4_e14,r18_3_TrROS_Hall,989,0.15,bot,148,112,0.7567567567567568,0.14964610717896865,5.056975894813733
